-- MySQL dump 10.13  Distrib 8.0.32, for Linux (x86_64)
--
-- Host: localhost    Database: events
-- ------------------------------------------------------
-- Server version	8.0.32-0buntu0.20.04.1

/*!40101 SET @OLD_CHARACTER_SET_CLIENT=@@CHARACTER_SET_CLIENT */;
/*!40101 SET @OLD_CHARACTER_SET_RESULTS=@@CHARACTER_SET_RESULTS */;
/*!40101 SET @OLD_COLLATION_CONNECTION=@@COLLATION_CONNECTION */;
/*!50503 SET NAMES utf8mb4 */;
/*!40103 SET @OLD_TIME_ZONE=@@TIME_ZONE */;
/*!40103 SET TIME_ZONE='+00:00' */;
/*!40014 SET @OLD_UNIQUE_CHECKS=@@UNIQUE_CHECKS, UNIQUE_CHECKS=0 */;
/*!40014 SET @OLD_FOREIGN_KEY_CHECKS=@@FOREIGN_KEY_CHECKS, FOREIGN_KEY_CHECKS=0 */;
/*!40101 SET @OLD_SQL_MODE=@@SQL_MODE, SQL_MODE='NO_AUTO_VALUE_ON_ZERO' */;
/*!40111 SET @OLD_SQL_NOTES=@@SQL_NOTES, SQL_NOTES=0 */;

--
-- Table structure for table `cities`
--

DROP TABLE IF EXISTS `cities`;
/*!40101 SET @saved_cs_client     = @@character_set_client */;
/*!50503 SET character_set_client = utf8mb4 */;
CREATE TABLE `cities` (
  `id` int unsigned NOT NULL AUTO_INCREMENT,
  `name` varchar(255) COLLATE utf8mb4_unicode_ci NOT NULL,
  `state_id` int unsigned NOT NULL,
  PRIMARY KEY (`id`),
  KEY `cities_state_id_index` (`state_id`),
  CONSTRAINT `cities_state_id_foreign` FOREIGN KEY (`state_id`) REFERENCES `states` (`id`)
) ENGINE=InnoDB AUTO_INCREMENT=4 DEFAULT CHARSET=utf8mb4 COLLATE=utf8mb4_unicode_ci;
/*!40101 SET character_set_client = @saved_cs_client */;

--
-- Dumping data for table `cities`
--

LOCK TABLES `cities` WRITE;
/*!40000 ALTER TABLE `cities` DISABLE KEYS */;
INSERT INTO `cities` VALUES (1,'تهران',1),(2,'یزد',2),(3,'مشهد',3);
/*!40000 ALTER TABLE `cities` ENABLE KEYS */;
UNLOCK TABLES;

--
-- Table structure for table `event_buyers`
--

DROP TABLE IF EXISTS `event_buyers`;
/*!40101 SET @saved_cs_client     = @@character_set_client */;
/*!50503 SET character_set_client = utf8mb4 */;
CREATE TABLE `event_buyers` (
  `id` bigint unsigned NOT NULL AUTO_INCREMENT,
  `event_id` int unsigned NOT NULL,
  `user_id` int unsigned DEFAULT NULL,
  `created_at` timestamp NULL DEFAULT NULL,
  `updated_at` timestamp NULL DEFAULT NULL,
  `first_name` varchar(255) COLLATE utf8mb4_unicode_ci NOT NULL,
  `last_name` varchar(255) COLLATE utf8mb4_unicode_ci NOT NULL,
  `phone` varchar(11) COLLATE utf8mb4_unicode_ci NOT NULL,
  `nid` varchar(10) COLLATE utf8mb4_unicode_ci NOT NULL,
  `count` smallint unsigned NOT NULL DEFAULT '1',
  `unit_price` int NOT NULL,
  `created_ts` bigint NOT NULL,
  `status` enum('paid','pending') COLLATE utf8mb4_unicode_ci NOT NULL,
  `transaction_id` int unsigned NOT NULL,
  `tracking_code` varchar(255) COLLATE utf8mb4_unicode_ci NOT NULL,
  `off_id` int unsigned NOT NULL,
  PRIMARY KEY (`id`),
  KEY `event_buyers_event_id_index` (`event_id`),
  KEY `event_buyers_user_id_index` (`user_id`),
  KEY `event_buyers_transaction_id_index` (`transaction_id`),
  KEY `event_buyers_off_id_index` (`off_id`),
  CONSTRAINT `event_buyers_event_id_foreign` FOREIGN KEY (`event_id`) REFERENCES `events` (`id`),
  CONSTRAINT `event_buyers_transaction_id_foreign` FOREIGN KEY (`transaction_id`) REFERENCES `miras2`.`transactions` (`id`) ON DELETE CASCADE ON UPDATE CASCADE,
  CONSTRAINT `event_buyers_user_id_foreign` FOREIGN KEY (`user_id`) REFERENCES `miras2`.`users` (`id`) ON DELETE CASCADE ON UPDATE CASCADE
) ENGINE=InnoDB AUTO_INCREMENT=1777 DEFAULT CHARSET=utf8mb4 COLLATE=utf8mb4_unicode_ci;
/*!40101 SET character_set_client = @saved_cs_client */;

--
-- Dumping data for table `event_buyers`
--

LOCK TABLES `event_buyers` WRITE;
/*!40000 ALTER TABLE `event_buyers` DISABLE KEYS */;
INSERT INTO `event_buyers` VALUES (24,155,116,'2023-01-19 03:13:59','2023-01-28 03:14:00','Dolorum.','Nisi.','09212314862','0018914373',7,4000000,1674110639,'paid',3,'',0),(25,155,93,'2023-01-18 03:14:00','2023-01-28 03:14:00','Est quam.','Ipsa.','09212399975','0018914373',1,4000000,1674024240,'paid',4,'',0),(26,155,51,'2023-01-19 03:14:01','2023-01-28 03:14:01','Aut.','Ab velit.','09212338797','0018914373',5,4000000,1674110641,'paid',5,'',0),(27,155,5,'2023-01-20 03:14:01','2023-01-28 03:14:01','Omnis vel.','Non.','09212391732','0018914373',4,4000000,1674197041,'paid',6,'',0),(28,155,83,'2023-01-19 03:14:02','2023-01-28 03:14:02','Nisi.','Odio et.','09212367254','0018914373',6,4000000,1674110642,'paid',7,'',0),(29,155,21,'2023-01-24 03:14:02','2023-01-28 03:14:02','Molestias.','Quasi.','09212382269','0018914373',6,4000000,1674542642,'paid',8,'',0),(30,155,55,'2023-01-24 03:14:03','2023-01-28 03:14:03','Eos omnis.','Qui.','09212368048','0018914373',1,4000000,1674542643,'paid',9,'',0),(31,155,71,'2023-01-22 03:14:03','2023-01-28 03:14:03','A.','Saepe.','09212343857','0018914373',9,4000000,1674369843,'paid',10,'',0),(32,155,66,'2023-01-23 03:14:04','2023-01-28 03:14:04','Id iure.','Sed nam.','09212390106','0018914373',2,4000000,1674456244,'paid',11,'',0),(33,155,17,'2023-01-23 03:14:04','2023-01-28 03:14:04','Tempore.','Pariatur.','09212383472','0018914373',9,4000000,1674456244,'paid',12,'',0),(34,155,15,'2023-01-20 03:14:04','2023-01-28 03:14:04','Corrupti.','Iure in.','09212374124','0018914373',8,4000000,1674197044,'paid',13,'',0),(35,155,13,'2023-01-24 03:14:05','2023-01-28 03:14:05','Ut optio.','Porro.','09212320868','0018914373',3,4000000,1674542645,'paid',14,'',0),(36,155,56,'2023-01-20 03:14:05','2023-01-28 03:14:05','Quis fuga.','Iusto.','09212381518','0018914373',4,4000000,1674197045,'paid',15,'',0),(37,155,105,'2023-01-22 03:14:05','2023-01-28 03:14:05','At totam.','Vitae.','09212375349','0018914373',10,4000000,1674369845,'paid',16,'',0),(38,155,83,'2023-01-23 03:14:05','2023-01-28 03:14:05','Aut aut.','Saepe quo.','09212324139','0018914373',6,4000000,1674456245,'paid',17,'',0),(39,155,67,'2023-01-23 03:14:06','2023-01-28 03:14:06','Veniam.','Voluptas.','09212386298','0018914373',9,4000000,1674456246,'paid',18,'',0),(40,155,119,'2023-01-25 03:14:06','2023-01-28 03:14:06','Sit.','Eos sed.','09212319249','0018914373',8,4000000,1674629046,'paid',19,'',0),(41,155,41,'2023-01-21 03:14:06','2023-01-28 03:14:06','Veniam.','Enim.','09212369764','0018914373',2,4000000,1674283446,'paid',20,'',0),(42,155,86,'2023-01-22 03:14:07','2023-01-28 03:14:07','Incidunt.','Dicta.','09212376034','0018914373',8,4000000,1674369847,'paid',21,'',0),(43,155,120,'2023-01-21 03:14:07','2023-01-28 03:14:07','Accusamus.','Qui et.','09212340952','0018914373',5,4000000,1674283447,'paid',22,'',0),(44,155,59,'2023-01-24 03:14:07','2023-01-28 03:14:07','Nisi sint.','Dolorem.','09212376850','0018914373',2,4000000,1674542647,'paid',23,'',0),(45,155,48,'2023-01-19 03:14:08','2023-01-28 03:14:08','Et quo.','Vel sit.','09212375829','0018914373',2,4000000,1674110648,'paid',24,'',0),(46,155,27,'2023-01-20 03:14:08','2023-01-28 03:14:08','Et.','Ut autem.','09212344180','0018914373',7,4000000,1674197048,'paid',25,'',0),(47,157,97,'2023-01-25 03:14:08','2023-01-28 03:14:08','Est quis.','Quod.','09212381213','0018914373',3,4000000,1674629048,'paid',26,'',0),(48,157,43,'2023-01-20 03:14:09','2023-01-28 03:14:09','Sed.','Dolor.','09212367862','0018914373',6,4000000,1674197049,'paid',27,'',0),(49,157,72,'2023-01-20 03:14:09','2023-01-28 03:14:09','Sit.','Error.','09212337098','0018914373',1,4000000,1674197049,'paid',28,'',0),(50,157,71,'2023-01-20 03:14:09','2023-01-28 03:14:09','Unde.','Sunt.','09212319136','0018914373',9,4000000,1674197049,'paid',29,'',0),(51,157,76,'2023-01-19 03:14:09','2023-01-28 03:14:09','Cumque.','Repellat.','09212394904','0018914373',2,4000000,1674110649,'paid',30,'',0),(52,157,120,'2023-01-22 03:14:10','2023-01-28 03:14:10','Dolor.','Quasi aut.','09212372630','0018914373',4,4000000,1674369850,'paid',31,'',0),(53,157,23,'2023-01-21 03:14:10','2023-01-28 03:14:10','Quod.','Sed fuga.','09212331920','0018914373',9,4000000,1674283450,'paid',32,'',0),(54,157,114,'2023-01-21 03:14:10','2023-01-28 03:14:10','Aut enim.','Quia et.','09212369741','0018914373',5,4000000,1674283450,'paid',33,'',0),(55,157,95,'2023-01-19 03:14:11','2023-01-28 03:14:11','Nisi fuga.','Cum esse.','09212376361','0018914373',7,4000000,1674110651,'paid',34,'',0),(56,157,104,'2023-01-25 03:14:11','2023-01-28 03:14:11','Quibusdam.','Expedita.','09212331381','0018914373',6,4000000,1674629051,'paid',35,'',0),(57,157,110,'2023-01-18 03:14:11','2023-01-28 03:14:11','Similique.','Et quae.','09212359251','0018914373',5,4000000,1674024251,'paid',36,'',0),(58,157,35,'2023-01-19 03:14:12','2023-01-28 03:14:12','Delectus.','Qui qui.','09212382180','0018914373',7,4000000,1674110652,'paid',37,'',0),(59,157,104,'2023-01-25 03:14:12','2023-01-28 03:14:12','Ut dicta.','Quo unde.','09212369500','0018914373',5,4000000,1674629052,'paid',38,'',0),(60,157,9,'2023-01-19 03:14:12','2023-01-28 03:14:12','Tenetur.','Quia.','09212355614','0018914373',4,4000000,1674110652,'paid',39,'',0),(61,157,28,'2023-01-18 03:14:13','2023-01-28 03:14:13','Rerum.','Qui sed.','09212345976','0018914373',3,4000000,1674024253,'paid',40,'',0),(62,157,30,'2023-01-25 03:14:13','2023-01-28 03:14:13','Aut.','Ut.','09212396096','0018914373',6,4000000,1674629053,'paid',41,'',0),(63,157,14,'2023-01-22 03:14:13','2023-01-28 03:14:13','Esse quia.','Veritatis.','09212365892','0018914373',7,4000000,1674369853,'paid',42,'',0),(64,157,117,'2023-01-22 03:14:14','2023-01-28 03:14:14','Modi eum.','Qui ut.','09212323786','0018914373',4,4000000,1674369854,'paid',43,'',0),(65,157,43,'2023-01-18 03:14:14','2023-01-28 03:14:14','Voluptas.','Neque.','09212344909','0018914373',3,4000000,1674024254,'paid',44,'',0),(66,157,115,'2023-01-18 03:14:14','2023-01-28 03:14:14','Quis quia.','Dolor.','09212382115','0018914373',10,4000000,1674024254,'paid',45,'',0),(67,157,27,'2023-01-23 03:14:15','2023-01-28 03:14:15','Quaerat.','Dicta et.','09212314759','0018914373',6,4000000,1674456255,'paid',46,'',0),(68,157,78,'2023-01-20 03:14:15','2023-01-28 03:14:15','Dolorum.','Maiores.','09212382019','0018914373',7,4000000,1674197055,'paid',47,'',0),(69,157,46,'2023-01-23 03:14:15','2023-01-28 03:14:15','Alias.','Aut ut.','09212346805','0018914373',10,4000000,1674456255,'paid',48,'',0),(70,157,40,'2023-01-23 03:14:15','2023-01-28 03:14:15','Et eaque.','Qui.','09212387271','0018914373',10,4000000,1674456255,'paid',49,'',0),(71,157,32,'2023-01-19 03:14:16','2023-01-28 03:14:16','Numquam.','Corrupti.','09212375684','0018914373',6,4000000,1674110656,'paid',50,'',0),(72,157,75,'2023-01-20 03:14:16','2023-01-28 03:14:16','Labore.','Tempora.','09212367878','0018914373',9,4000000,1674197056,'paid',51,'',0),(73,157,37,'2023-01-21 03:14:16','2023-01-28 03:14:16','Illo.','Omnis vel.','09212323762','0018914373',9,4000000,1674283456,'paid',52,'',0),(74,157,101,'2023-01-23 03:14:17','2023-01-28 03:14:17','Aperiam.','Ut itaque.','09212323775','0018914373',4,4000000,1674456257,'paid',53,'',0),(75,157,40,'2023-01-23 03:14:17','2023-01-28 03:14:17','Dolorum.','Odio et.','09212322004','0018914373',5,4000000,1674456257,'paid',54,'',0),(76,157,85,'2023-01-21 03:14:17','2023-01-28 03:14:17','Et vel.','Vel velit.','09212398372','0018914373',9,4000000,1674283457,'paid',55,'',0),(77,158,71,'2023-01-19 03:14:18','2023-01-28 03:14:18','Quasi est.','Illum.','09212351822','0018914373',8,4000000,1674110658,'paid',56,'',0),(78,158,9,'2023-01-22 03:14:18','2023-01-28 03:14:18','Facilis.','Sequi.','09212331021','0018914373',2,4000000,1674369858,'paid',57,'',0),(79,158,118,'2023-01-18 03:14:18','2023-01-28 03:14:18','Quia quo.','Molestiae.','09212340421','0018914373',6,4000000,1674024258,'paid',58,'',0),(80,158,9,'2023-01-20 03:14:19','2023-01-28 03:14:19','Velit.','Hic et.','09212371711','0018914373',5,4000000,1674197059,'paid',59,'',0),(81,158,50,'2023-01-19 03:14:19','2023-01-28 03:14:19','Et.','In.','09212315698','0018914373',8,4000000,1674110659,'paid',60,'',0),(82,158,10,'2023-01-21 03:14:20','2023-01-28 03:14:20','Sed.','Veritatis.','09212382960','0018914373',7,4000000,1674283460,'paid',61,'',0),(83,158,77,'2023-01-25 03:14:20','2023-01-28 03:14:20','Fugiat.','Tenetur.','09212375666','0018914373',4,4000000,1674629060,'paid',62,'',0),(84,158,82,'2023-01-25 03:14:20','2023-01-28 03:14:20','Laborum.','Enim.','09212311373','0018914373',8,4000000,1674629060,'paid',63,'',0),(85,158,99,'2023-01-25 03:14:20','2023-01-28 03:14:20','Odio est.','Quo ea.','09212321286','0018914373',8,4000000,1674629060,'paid',64,'',0),(86,158,92,'2023-01-20 03:14:21','2023-01-28 03:14:21','Alias non.','Ipsum.','09212331795','0018914373',7,4000000,1674197061,'paid',65,'',0),(87,158,120,'2023-01-19 03:14:21','2023-01-28 03:14:21','Suscipit.','At.','09212320242','0018914373',10,4000000,1674110661,'paid',66,'',0),(88,158,118,'2023-01-25 03:14:21','2023-01-28 03:14:21','Magni.','Cumque.','09212362214','0018914373',8,4000000,1674629061,'paid',67,'',0),(89,158,77,'2023-01-23 03:14:22','2023-01-28 03:14:22','Non ut.','Nam amet.','09212337763','0018914373',1,4000000,1674456262,'paid',68,'',0),(90,158,15,'2023-01-21 03:14:22','2023-01-28 03:14:22','Illum.','Error ut.','09212351165','0018914373',9,4000000,1674283462,'paid',69,'',0),(91,158,96,'2023-01-24 03:14:22','2023-01-28 03:14:22','Eligendi.','Fugiat.','09212392409','0018914373',3,4000000,1674542662,'paid',70,'',0),(92,158,75,'2023-01-24 03:14:23','2023-01-28 03:14:23','Nostrum.','Dolor.','09212395156','0018914373',3,4000000,1674542663,'paid',71,'',0),(93,158,57,'2023-01-23 03:14:23','2023-01-28 03:14:23','Et.','Id.','09212317812','0018914373',4,4000000,1674456263,'paid',72,'',0),(94,158,101,'2023-01-18 03:14:23','2023-01-28 03:14:23','Rerum.','Ullam.','09212332096','0018914373',10,4000000,1674024263,'paid',73,'',0),(95,158,97,'2023-01-23 03:14:24','2023-01-28 03:14:24','Deserunt.','Culpa.','09212357732','0018914373',6,4000000,1674456264,'paid',74,'',0),(96,158,52,'2023-01-24 03:14:24','2023-01-28 03:14:24','Ab.','Unde et.','09212334296','0018914373',5,4000000,1674542664,'paid',75,'',0),(97,158,68,'2023-01-18 03:14:25','2023-01-28 03:14:25','Quam vel.','Autem.','09212366273','0018914373',10,4000000,1674024265,'paid',76,'',0),(98,158,88,'2023-01-23 03:14:25','2023-01-28 03:14:25','Labore.','Eum qui.','09212330865','0018914373',10,4000000,1674456265,'paid',77,'',0),(99,159,33,'2023-01-23 03:14:25','2023-01-28 03:14:25','Hic sed.','Inventore.','09212377416','0018914373',6,4000000,1674456265,'paid',78,'',0),(100,159,5,'2023-01-25 03:14:26','2023-01-28 03:14:26','Vero qui.','Velit.','09212376008','0018914373',10,4000000,1674629066,'paid',79,'',0),(101,159,54,'2023-01-23 03:14:26','2023-01-28 03:14:26','Enim.','Soluta.','09212359707','0018914373',4,4000000,1674456266,'paid',80,'',0),(102,159,60,'2023-01-22 03:14:27','2023-01-28 03:14:27','Et maxime.','Culpa.','09212379970','0018914373',10,4000000,1674369867,'paid',81,'',0),(103,159,58,'2023-01-22 03:14:27','2023-01-28 03:14:27','Sapiente.','Iusto.','09212365688','0018914373',8,4000000,1674369867,'paid',82,'',0),(104,159,119,'2023-01-22 03:14:27','2023-01-28 03:14:27','Qui quasi.','Tenetur.','09212363965','0018914373',1,4000000,1674369867,'paid',83,'',0),(105,159,101,'2023-01-25 03:14:28','2023-01-28 03:14:28','Et.','Qui qui.','09212363458','0018914373',3,4000000,1674629068,'paid',84,'',0),(106,159,53,'2023-01-24 03:14:28','2023-01-28 03:14:28','Provident.','Aut.','09212314664','0018914373',2,4000000,1674542668,'paid',85,'',0),(107,159,82,'2023-01-20 03:14:29','2023-01-28 03:14:29','Sunt.','Iusto sit.','09212386634','0018914373',2,4000000,1674197069,'paid',86,'',0),(108,159,31,'2023-01-19 03:14:29','2023-01-28 03:14:29','Tempore.','Sint.','09212347927','0018914373',3,4000000,1674110669,'paid',87,'',0),(109,159,22,'2023-01-22 03:14:30','2023-01-28 03:14:30','Autem.','Suscipit.','09212334222','0018914373',4,4000000,1674369870,'paid',88,'',0),(110,159,13,'2023-01-20 03:14:30','2023-01-28 03:14:30','Et ea.','Hic sit.','09212378185','0018914373',1,4000000,1674197070,'paid',89,'',0),(111,159,40,'2023-01-25 03:14:30','2023-01-28 03:14:30','Possimus.','Quidem.','09212326093','0018914373',8,4000000,1674629070,'paid',90,'',0),(112,159,21,'2023-01-21 03:14:31','2023-01-28 03:14:31','Similique.','Hic.','09212348563','0018914373',2,4000000,1674283471,'paid',91,'',0),(113,159,115,'2023-01-19 03:14:31','2023-01-28 03:14:31','Quam.','Molestiae.','09212316973','0018914373',8,4000000,1674110671,'paid',92,'',0),(114,159,63,'2023-01-25 03:14:31','2023-01-28 03:14:31','Quia sed.','Animi.','09212335966','0018914373',1,4000000,1674629071,'paid',93,'',0),(115,159,5,'2023-01-25 03:14:32','2023-01-28 03:14:32','Et et.','Enim.','09212331220','0018914373',10,4000000,1674629072,'paid',94,'',0),(116,159,29,'2023-01-18 03:14:32','2023-01-28 03:14:32','Dicta.','Excepturi.','09212359519','0018914373',10,4000000,1674024272,'paid',95,'',0),(117,159,118,'2023-01-22 03:14:33','2023-01-28 03:14:33','Id ut non.','Ipsam.','09212356420','0018914373',9,4000000,1674369873,'paid',96,'',0),(118,159,68,'2023-01-21 03:14:33','2023-01-28 03:14:33','Nisi iste.','Optio id.','09212385206','0018914373',2,4000000,1674283473,'paid',97,'',0),(119,159,58,'2023-01-22 03:14:33','2023-01-28 03:14:33','Placeat.','Aliquam.','09212387992','0018914373',3,4000000,1674369873,'paid',98,'',0),(120,159,88,'2023-01-21 03:14:34','2023-01-28 03:14:34','Hic unde.','Numquam.','09212313783','0018914373',6,4000000,1674283474,'paid',99,'',0),(121,159,67,'2023-01-19 03:14:34','2023-01-28 03:14:34','Voluptate.','Quam.','09212332463','0018914373',2,4000000,1674110674,'paid',100,'',0),(122,159,51,'2023-01-20 03:14:35','2023-01-28 03:14:35','Cum.','Cum quo.','09212398868','0018914373',5,4000000,1674197075,'paid',101,'',0),(123,159,89,'2023-01-22 03:14:35','2023-01-28 03:14:35','Cum.','Occaecati.','09212346599','0018914373',2,4000000,1674369875,'paid',102,'',0),(124,159,59,'2023-01-18 03:14:35','2023-01-28 03:14:35','Est dolor.','Ut.','09212352039','0018914373',3,4000000,1674024275,'paid',103,'',0),(125,159,16,'2023-01-24 03:14:36','2023-01-28 03:14:36','Voluptate.','Ad eius.','09212384184','0018914373',7,4000000,1674542676,'paid',104,'',0),(126,159,8,'2023-01-25 03:14:36','2023-01-28 03:14:36','Nostrum.','Commodi.','09212373445','0018914373',5,4000000,1674629076,'paid',105,'',0),(127,159,51,'2023-01-23 03:14:36','2023-01-28 03:14:36','Error.','Impedit.','09212365245','0018914373',7,4000000,1674456276,'paid',106,'',0),(128,159,30,'2023-01-21 03:14:37','2023-01-28 03:14:37','Molestiae.','Minus est.','09212334100','0018914373',10,4000000,1674283477,'paid',107,'',0),(129,159,88,'2023-01-20 03:14:37','2023-01-28 03:14:37','In.','Porro.','09212335785','0018914373',1,4000000,1674197077,'paid',108,'',0),(130,159,86,'2023-01-18 03:14:38','2023-01-28 03:14:38','Rerum.','Quia ex.','09212360651','0018914373',3,4000000,1674024278,'paid',109,'',0),(131,159,40,'2023-01-25 03:14:38','2023-01-28 03:14:38','Dolore.','Vitae cum.','09212320947','0018914373',8,4000000,1674629078,'paid',110,'',0),(132,159,5,'2023-01-24 03:14:38','2023-01-28 03:14:38','Amet.','Nihil.','09212318421','0018914373',7,4000000,1674542678,'paid',111,'',0),(133,159,41,'2023-01-24 03:14:39','2023-01-28 03:14:39','Rerum ex.','Totam.','09212353922','0018914373',4,4000000,1674542679,'paid',112,'',0),(134,159,80,'2023-01-25 03:14:39','2023-01-28 03:14:39','Qui nisi.','Iusto.','09212368686','0018914373',9,4000000,1674629079,'paid',113,'',0),(135,159,34,'2023-01-22 03:14:39','2023-01-28 03:14:39','Quae vel.','Molestias.','09212383654','0018914373',8,4000000,1674369879,'paid',114,'',0),(136,159,109,'2023-01-24 03:14:40','2023-01-28 03:14:40','Non rem.','Dolores.','09212391568','0018914373',10,4000000,1674542680,'paid',115,'',0),(137,159,59,'2023-01-20 03:14:40','2023-01-28 03:14:40','Ducimus.','Impedit.','09212336825','0018914373',1,4000000,1674197080,'paid',116,'',0),(138,159,12,'2023-01-19 03:14:40','2023-01-28 03:14:40','Alias.','Sunt esse.','09212378406','0018914373',2,4000000,1674110680,'paid',117,'',0),(139,159,31,'2023-01-25 03:14:41','2023-01-28 03:14:41','Animi.','Debitis.','09212312560','0018914373',1,4000000,1674629081,'paid',118,'',0),(140,159,42,'2023-01-22 03:14:41','2023-01-28 03:14:41','Illum quo.','Hic sunt.','09212364316','0018914373',8,4000000,1674369881,'paid',119,'',0),(141,160,111,'2023-01-21 03:14:41','2023-01-28 03:14:41','Quia quia.','Quam est.','09212333428','0018914373',4,4000000,1674283481,'paid',120,'',0),(142,160,68,'2023-01-23 03:14:42','2023-01-28 03:14:42','Vitae.','Unde.','09212342712','0018914373',7,4000000,1674456282,'paid',121,'',0),(143,160,22,'2023-01-23 03:14:42','2023-01-28 03:14:42','Quia quas.','Aut ab.','09212316999','0018914373',7,4000000,1674456282,'paid',122,'',0),(144,160,110,'2023-01-25 03:14:42','2023-01-28 03:14:42','Vero.','Quam.','09212368407','0018914373',8,4000000,1674629082,'paid',123,'',0),(145,160,18,'2023-01-18 03:14:43','2023-01-28 03:14:43','Minima.','Facilis.','09212317340','0018914373',7,4000000,1674024283,'paid',124,'',0),(146,160,111,'2023-01-25 03:14:43','2023-01-28 03:14:43','Illum.','Illo.','09212392913','0018914373',1,4000000,1674629083,'paid',125,'',0),(147,160,74,'2023-01-18 03:14:43','2023-01-28 03:14:43','Ad sit et.','Harum.','09212334639','0018914373',6,4000000,1674024283,'paid',126,'',0),(148,160,9,'2023-01-22 03:14:44','2023-01-28 03:14:44','Aut ea.','Dolores.','09212376340','0018914373',9,4000000,1674369884,'paid',127,'',0),(149,160,42,'2023-01-18 03:14:44','2023-01-28 03:14:44','Ut rerum.','Ea aut.','09212354144','0018914373',9,4000000,1674024284,'paid',128,'',0),(150,160,4,'2023-01-25 03:14:45','2023-01-28 03:14:45','Repellat.','Corporis.','09212347118','0018914373',5,4000000,1674629085,'paid',129,'',0),(151,160,105,'2023-01-21 03:14:45','2023-01-28 03:14:45','Quis.','Qui.','09212365038','0018914373',7,4000000,1674283485,'paid',130,'',0),(152,160,45,'2023-01-20 03:14:46','2023-01-28 03:14:46','Non quia.','Cum aut.','09212358609','0018914373',7,4000000,1674197086,'paid',131,'',0),(153,160,58,'2023-01-25 03:14:46','2023-01-28 03:14:46','Nihil.','Ut.','09212385591','0018914373',10,4000000,1674629086,'paid',132,'',0),(154,160,4,'2023-01-25 03:14:46','2023-01-28 03:14:46','Enim.','Et sit.','09212368444','0018914373',4,4000000,1674629086,'paid',133,'',0),(155,160,46,'2023-01-19 03:14:47','2023-01-28 03:14:47','Rem.','Illum.','09212390300','0018914373',8,4000000,1674110687,'paid',134,'',0),(156,160,12,'2023-01-20 03:14:47','2023-01-28 03:14:47','Commodi.','Repellat.','09212399792','0018914373',4,4000000,1674197087,'paid',135,'',0),(157,160,17,'2023-01-23 03:14:47','2023-01-28 03:14:47','Aut ipsa.','Vel eos.','09212324139','0018914373',9,4000000,1674456287,'paid',136,'',0),(158,160,20,'2023-01-19 03:14:48','2023-01-28 03:14:48','Aut et.','Nihil ea.','09212320572','0018914373',2,4000000,1674110688,'paid',137,'',0),(159,160,22,'2023-01-18 03:14:48','2023-01-28 03:14:48','Iure quo.','Ut quae.','09212334968','0018914373',9,4000000,1674024288,'paid',138,'',0),(160,160,54,'2023-01-24 03:14:48','2023-01-28 03:14:48','Facilis.','A.','09212368512','0018914373',4,4000000,1674542688,'paid',139,'',0),(161,160,22,'2023-01-24 03:14:49','2023-01-28 03:14:49','Aut qui.','Esse.','09212369743','0018914373',10,4000000,1674542689,'paid',140,'',0),(162,160,116,'2023-01-24 03:14:49','2023-01-28 03:14:49','Labore.','Voluptate.','09212337559','0018914373',3,4000000,1674542689,'paid',141,'',0),(163,160,16,'2023-01-22 03:14:50','2023-01-28 03:14:50','Corporis.','Odit qui.','09212370864','0018914373',7,4000000,1674369890,'paid',142,'',0),(164,160,119,'2023-01-21 03:14:50','2023-01-28 03:14:50','Ab porro.','Officiis.','09212369910','0018914373',4,4000000,1674283490,'paid',143,'',0),(165,160,117,'2023-01-23 03:14:50','2023-01-28 03:14:50','Illo nisi.','Omnis.','09212316467','0018914373',9,4000000,1674456290,'paid',144,'',0),(166,160,65,'2023-01-19 03:14:51','2023-01-28 03:14:51','Rerum in.','Laborum.','09212322424','0018914373',10,4000000,1674110691,'paid',145,'',0),(167,160,17,'2023-01-20 03:14:51','2023-01-28 03:14:51','Iure.','Est.','09212381164','0018914373',10,4000000,1674197091,'paid',146,'',0),(168,160,9,'2023-01-25 03:14:51','2023-01-28 03:14:51','Ducimus.','Id id quo.','09212331651','0018914373',7,4000000,1674629091,'paid',147,'',0),(169,160,51,'2023-01-24 03:14:52','2023-01-28 03:14:52','Quas.','Ullam.','09212340766','0018914373',3,4000000,1674542692,'paid',148,'',0),(170,160,18,'2023-01-18 03:14:52','2023-01-28 03:14:52','Sequi sed.','Minima.','09212312543','0018914373',8,4000000,1674024292,'paid',149,'',0),(171,160,115,'2023-01-24 03:14:52','2023-01-28 03:14:52','Nesciunt.','Natus.','09212350391','0018914373',1,4000000,1674542692,'paid',150,'',0),(172,160,37,'2023-01-25 03:14:53','2023-01-28 03:14:53','Dolorem.','Sint.','09212373460','0018914373',1,4000000,1674629093,'paid',151,'',0),(173,160,82,'2023-01-19 03:14:53','2023-01-28 03:14:53','Omnis.','Et.','09212356307','0018914373',7,4000000,1674110693,'paid',152,'',0),(174,160,40,'2023-01-22 03:14:54','2023-01-28 03:14:54','Quis.','Expedita.','09212331345','0018914373',1,4000000,1674369894,'paid',153,'',0),(175,160,118,'2023-01-18 03:14:54','2023-01-28 03:14:54','Et.','Nihil.','09212339800','0018914373',8,4000000,1674024294,'paid',154,'',0),(176,161,88,'2023-01-19 03:14:54','2023-01-28 03:14:54','Alias et.','Beatae.','09212358288','0018914373',2,4000000,1674110694,'paid',155,'',0),(177,161,46,'2023-01-24 03:14:55','2023-01-28 03:14:55','Quia non.','Alias id.','09212330549','0018914373',10,4000000,1674542695,'paid',156,'',0),(178,161,28,'2023-01-21 03:14:55','2023-01-28 03:14:55','Sapiente.','Sed modi.','09212387493','0018914373',1,4000000,1674283495,'paid',157,'',0),(179,161,68,'2023-01-25 03:14:55','2023-01-28 03:14:55','Aperiam.','Eum.','09212385027','0018914373',10,4000000,1674629095,'paid',158,'',0),(180,161,100,'2023-01-25 03:14:56','2023-01-28 03:14:56','Veniam.','Vero.','09212383755','0018914373',3,4000000,1674629096,'paid',159,'',0),(181,161,48,'2023-01-21 03:14:56','2023-01-28 03:14:56','Ipsa quo.','Vel sit.','09212342944','0018914373',7,4000000,1674283496,'paid',160,'',0),(182,161,49,'2023-01-18 03:14:56','2023-01-28 03:14:56','Placeat.','Illo sunt.','09212334934','0018914373',3,4000000,1674024296,'paid',161,'',0),(183,161,111,'2023-01-21 03:14:57','2023-01-28 03:14:57','Totam.','Modi est.','09212320915','0018914373',4,4000000,1674283497,'paid',162,'',0),(184,161,25,'2023-01-23 03:14:57','2023-01-28 03:14:57','Non illo.','Aut aut.','09212387085','0018914373',6,4000000,1674456297,'paid',163,'',0),(185,161,4,'2023-01-23 03:14:57','2023-01-28 03:14:57','Odio.','Fugit.','09212381902','0018914373',8,4000000,1674456297,'paid',164,'',0),(186,161,119,'2023-01-19 03:14:58','2023-01-28 03:14:58','Doloribus.','Magnam.','09212331304','0018914373',6,4000000,1674110698,'paid',165,'',0),(187,161,89,'2023-01-25 03:14:58','2023-01-28 03:14:58','Facilis.','Corrupti.','09212391028','0018914373',10,4000000,1674629098,'paid',166,'',0),(188,161,67,'2023-01-20 03:14:58','2023-01-28 03:14:58','Quisquam.','Rem non.','09212374561','0018914373',7,4000000,1674197098,'paid',167,'',0),(189,161,22,'2023-01-21 03:14:59','2023-01-28 03:14:59','Nulla.','Ad.','09212376333','0018914373',9,4000000,1674283499,'paid',168,'',0),(190,161,55,'2023-01-18 03:14:59','2023-01-28 03:14:59','Commodi.','Ut fuga.','09212326610','0018914373',10,4000000,1674024299,'paid',169,'',0),(191,161,16,'2023-01-21 03:14:59','2023-01-28 03:14:59','Sit.','Possimus.','09212353437','0018914373',6,4000000,1674283499,'paid',170,'',0),(192,161,109,'2023-01-21 03:14:59','2023-01-28 03:14:59','Impedit.','Omnis vel.','09212388399','0018914373',3,4000000,1674283499,'paid',171,'',0),(193,161,106,'2023-01-22 03:15:00','2023-01-28 03:15:00','Veniam ea.','Ipsam.','09212355590','0018914373',7,4000000,1674369900,'paid',172,'',0),(194,161,30,'2023-01-25 03:15:00','2023-01-28 03:15:00','Eaque.','Sequi.','09212320513','0018914373',2,4000000,1674629100,'paid',173,'',0),(195,161,25,'2023-01-22 03:15:01','2023-01-28 03:15:01','Id.','Est nulla.','09212393815','0018914373',10,4000000,1674369901,'paid',174,'',0),(196,161,87,'2023-01-19 03:15:01','2023-01-28 03:15:01','Similique.','Atque.','09212360610','0018914373',7,4000000,1674110701,'paid',175,'',0),(197,161,49,'2023-01-22 03:15:01','2023-01-28 03:15:01','Odio eos.','Voluptate.','09212342842','0018914373',1,4000000,1674369901,'paid',176,'',0),(198,161,96,'2023-01-23 03:15:01','2023-01-28 03:15:01','Ut.','Et eaque.','09212393228','0018914373',1,4000000,1674456301,'paid',177,'',0),(199,161,106,'2023-01-23 03:15:02','2023-01-28 03:15:02','Nihil.','Id.','09212372251','0018914373',6,4000000,1674456302,'paid',178,'',0),(200,161,100,'2023-01-25 03:15:02','2023-01-28 03:15:02','Quia.','Et atque.','09212333131','0018914373',7,4000000,1674629102,'paid',179,'',0),(201,161,71,'2023-01-22 03:15:02','2023-01-28 03:15:02','Iste est.','Neque.','09212388774','0018914373',5,4000000,1674369902,'paid',180,'',0),(202,161,91,'2023-01-22 03:15:03','2023-01-28 03:15:03','Occaecati.','Nisi.','09212340115','0018914373',3,4000000,1674369903,'paid',181,'',0),(203,161,20,'2023-01-25 03:15:03','2023-01-28 03:15:03','Omnis.','Ut in.','09212344229','0018914373',4,4000000,1674629103,'paid',182,'',0),(204,161,19,'2023-01-22 03:15:04','2023-01-28 03:15:04','Dolor.','Illum.','09212396820','0018914373',8,4000000,1674369904,'paid',183,'',0),(205,161,35,'2023-01-21 03:15:04','2023-01-28 03:15:04','Quia vel.','Ea earum.','09212392192','0018914373',4,4000000,1674283504,'paid',184,'',0),(206,161,67,'2023-01-21 03:15:05','2023-01-28 03:15:05','Sed.','Rerum.','09212355683','0018914373',5,4000000,1674283505,'paid',185,'',0),(207,161,117,'2023-01-25 03:15:05','2023-01-28 03:15:05','Est.','Sed.','09212345768','0018914373',3,4000000,1674629105,'paid',186,'',0),(208,161,26,'2023-01-18 03:15:06','2023-01-28 03:15:06','Molestiae.','Nulla.','09212364951','0018914373',7,4000000,1674024306,'paid',187,'',0),(209,161,20,'2023-01-18 03:15:06','2023-01-28 03:15:06','Non in.','Veritatis.','09212344483','0018914373',7,4000000,1674024306,'paid',188,'',0),(210,161,27,'2023-01-23 03:15:06','2023-01-28 03:15:06','Eligendi.','Facilis.','09212341739','0018914373',3,4000000,1674456306,'paid',189,'',0),(211,161,7,'2023-01-19 03:15:07','2023-01-28 03:15:07','Dolor vel.','Quisquam.','09212389287','0018914373',6,4000000,1674110707,'paid',190,'',0),(212,161,63,'2023-01-25 03:15:07','2023-01-28 03:15:07','Tenetur.','Sit aut.','09212398343','0018914373',8,4000000,1674629107,'paid',191,'',0),(213,161,4,'2023-01-19 03:15:07','2023-01-28 03:15:07','Aut in.','Qui.','09212377870','0018914373',1,4000000,1674110707,'paid',192,'',0),(214,162,24,'2023-01-24 03:15:08','2023-01-28 03:15:08','Non iste.','Et aut.','09212343363','0018914373',6,4000000,1674542708,'paid',193,'',0),(215,162,112,'2023-01-23 03:15:08','2023-01-28 03:15:08','Aut aut.','Quia.','09212318631','0018914373',9,4000000,1674456308,'paid',194,'',0),(216,162,73,'2023-01-21 03:15:08','2023-01-28 03:15:08','Doloribus.','Quibusdam.','09212376613','0018914373',4,4000000,1674283508,'paid',195,'',0),(217,162,53,'2023-01-20 03:15:09','2023-01-28 03:15:09','Et.','Alias a.','09212361330','0018914373',9,4000000,1674197109,'paid',196,'',0),(218,162,104,'2023-01-22 03:15:09','2023-01-28 03:15:09','Alias qui.','Et.','09212394263','0018914373',2,4000000,1674369909,'paid',197,'',0),(219,162,86,'2023-01-22 03:15:10','2023-01-28 03:15:10','Officiis.','Quibusdam.','09212326834','0018914373',2,4000000,1674369910,'paid',198,'',0),(220,162,112,'2023-01-19 03:15:10','2023-01-28 03:15:10','Sint sit.','Modi et.','09212399106','0018914373',7,4000000,1674110710,'paid',199,'',0),(221,162,108,'2023-01-18 03:15:10','2023-01-28 03:15:10','Eum alias.','Repellat.','09212322413','0018914373',5,4000000,1674024310,'paid',200,'',0),(222,162,88,'2023-01-20 03:15:11','2023-01-28 03:15:11','Fugiat.','Velit.','09212325569','0018914373',6,4000000,1674197111,'paid',201,'',0),(223,162,60,'2023-01-25 03:15:11','2023-01-28 03:15:11','Iusto.','Quos.','09212394184','0018914373',4,4000000,1674629111,'paid',202,'',0),(224,162,33,'2023-01-22 03:15:11','2023-01-28 03:15:11','Dolore ut.','Et nam.','09212313589','0018914373',3,4000000,1674369911,'paid',203,'',0),(225,162,58,'2023-01-21 03:15:12','2023-01-28 03:15:12','Ea autem.','Neque qui.','09212398808','0018914373',1,4000000,1674283512,'paid',204,'',0),(226,162,9,'2023-01-19 03:15:12','2023-01-28 03:15:12','Quam qui.','Eaque.','09212319555','0018914373',7,4000000,1674110712,'paid',205,'',0),(227,162,59,'2023-01-23 03:15:13','2023-01-28 03:15:13','Quia quo.','Sint.','09212340030','0018914373',9,4000000,1674456313,'paid',206,'',0),(228,162,51,'2023-01-22 03:15:13','2023-01-28 03:15:13','Illo.','Nobis.','09212356866','0018914373',9,4000000,1674369913,'paid',207,'',0),(229,162,87,'2023-01-24 03:15:13','2023-01-28 03:15:13','Et.','Illo.','09212361577','0018914373',6,4000000,1674542713,'paid',208,'',0),(230,162,3,'2023-01-25 03:15:14','2023-01-28 03:15:14','Occaecati.','In quis.','09212348456','0018914373',9,4000000,1674629114,'paid',209,'',0),(231,162,76,'2023-01-19 03:15:14','2023-01-28 03:15:14','Quisquam.','Provident.','09212326943','0018914373',5,4000000,1674110714,'paid',210,'',0),(232,162,16,'2023-01-19 03:15:14','2023-01-28 03:15:14','Omnis sit.','Incidunt.','09212321057','0018914373',5,4000000,1674110714,'paid',211,'',0),(233,162,68,'2023-01-25 03:15:15','2023-01-28 03:15:15','Voluptas.','Et rerum.','09212337459','0018914373',9,4000000,1674629115,'paid',212,'',0),(234,163,113,'2023-01-19 03:15:15','2023-01-28 03:15:15','Aut.','Eaque.','09212374346','0018914373',6,4000000,1674110715,'paid',213,'',0),(235,163,53,'2023-01-22 03:15:15','2023-01-28 03:15:15','Et ipsum.','Aut.','09212365717','0018914373',9,4000000,1674369915,'paid',214,'',0),(236,163,18,'2023-01-24 03:15:16','2023-01-28 03:15:16','Ratione.','Magnam.','09212347775','0018914373',10,4000000,1674542716,'paid',215,'',0),(237,163,66,'2023-01-21 03:15:16','2023-01-28 03:15:16','Quo ullam.','Iure.','09212367206','0018914373',9,4000000,1674283516,'paid',216,'',0),(238,163,106,'2023-01-19 03:15:17','2023-01-28 03:15:17','Corrupti.','Harum et.','09212317073','0018914373',2,4000000,1674110717,'paid',217,'',0),(239,163,103,'2023-01-25 03:15:17','2023-01-28 03:15:17','Id sit.','Veniam.','09212329152','0018914373',1,4000000,1674629117,'paid',218,'',0),(240,163,18,'2023-01-25 03:15:17','2023-01-28 03:15:17','Quisquam.','Dolorem.','09212327087','0018914373',9,4000000,1674629117,'paid',219,'',0),(241,163,67,'2023-01-18 03:15:18','2023-01-28 03:15:18','Cum quo.','Incidunt.','09212341253','0018914373',4,4000000,1674024318,'paid',220,'',0),(242,163,84,'2023-01-18 03:15:18','2023-01-28 03:15:18','Minima.','Occaecati.','09212370224','0018914373',7,4000000,1674024318,'paid',221,'',0),(243,163,42,'2023-01-22 03:15:18','2023-01-28 03:15:18','Et animi.','Deleniti.','09212317880','0018914373',9,4000000,1674369918,'paid',222,'',0),(244,163,66,'2023-01-18 03:15:18','2023-01-28 03:15:18','Sunt.','Quam.','09212351776','0018914373',5,4000000,1674024318,'paid',223,'',0),(245,163,89,'2023-01-23 03:15:19','2023-01-28 03:15:19','Sed quia.','Illum.','09212367242','0018914373',6,4000000,1674456319,'paid',224,'',0),(246,163,115,'2023-01-19 03:15:19','2023-01-28 03:15:19','Est eaque.','Molestiae.','09212355108','0018914373',5,4000000,1674110719,'paid',225,'',0),(247,163,46,'2023-01-23 03:15:20','2023-01-28 03:15:20','Sit ea.','Possimus.','09212359240','0018914373',8,4000000,1674456320,'paid',226,'',0),(248,163,73,'2023-01-23 03:15:21','2023-01-28 03:15:21','In rerum.','Eligendi.','09212347231','0018914373',3,4000000,1674456321,'paid',227,'',0),(249,163,106,'2023-01-19 03:15:21','2023-01-28 03:15:21','Molestiae.','Nisi et.','09212399435','0018914373',3,4000000,1674110721,'paid',228,'',0),(250,163,8,'2023-01-20 03:15:21','2023-01-28 03:15:21','Autem hic.','Eum nulla.','09212391742','0018914373',9,4000000,1674197121,'paid',229,'',0),(251,163,14,'2023-01-18 03:15:22','2023-01-28 03:15:22','Doloribus.','Quisquam.','09212375067','0018914373',7,4000000,1674024322,'paid',230,'',0),(252,163,50,'2023-01-23 03:15:22','2023-01-28 03:15:22','Dolores.','Est quos.','09212337268','0018914373',7,4000000,1674456322,'paid',231,'',0),(253,163,84,'2023-01-24 03:15:22','2023-01-28 03:15:22','Sed.','Dicta.','09212323931','0018914373',5,4000000,1674542722,'paid',232,'',0),(254,163,29,'2023-01-21 03:15:23','2023-01-28 03:15:23','Unde.','Accusamus.','09212339747','0018914373',3,4000000,1674283523,'paid',233,'',0),(255,163,113,'2023-01-19 03:15:23','2023-01-28 03:15:23','Eum omnis.','Magni non.','09212320092','0018914373',10,4000000,1674110723,'paid',234,'',0),(256,163,27,'2023-01-22 03:15:23','2023-01-28 03:15:23','Enim.','Aut magni.','09212340905','0018914373',2,4000000,1674369923,'paid',235,'',0),(257,163,66,'2023-01-18 03:15:24','2023-01-28 03:15:24','Aliquid.','Est.','09212376573','0018914373',7,4000000,1674024324,'paid',236,'',0),(258,163,92,'2023-01-18 03:15:24','2023-01-28 03:15:24','Quam rem.','Culpa ut.','09212358860','0018914373',5,4000000,1674024324,'paid',237,'',0),(259,164,22,'2023-01-20 03:15:24','2023-01-28 03:15:24','Omnis.','Iusto.','09212314967','0018914373',4,4000000,1674197124,'paid',238,'',0),(260,164,3,'2023-01-19 03:15:25','2023-01-28 03:15:25','Officia.','Quia ab.','09212374449','0018914373',10,4000000,1674110725,'paid',239,'',0),(261,164,8,'2023-01-18 03:15:25','2023-01-28 03:15:25','Dolores.','Eius sint.','09212365255','0018914373',7,4000000,1674024325,'paid',240,'',0),(262,164,101,'2023-01-23 03:15:26','2023-01-28 03:15:26','Magnam.','Occaecati.','09212379602','0018914373',10,4000000,1674456326,'paid',241,'',0),(263,164,69,'2023-01-24 03:15:26','2023-01-28 03:15:26','Ut eos.','Assumenda.','09212399426','0018914373',1,4000000,1674542726,'paid',242,'',0),(264,164,45,'2023-01-18 03:15:26','2023-01-28 03:15:26','Repellat.','Odit aut.','09212345977','0018914373',3,4000000,1674024326,'paid',243,'',0),(265,164,17,'2023-01-23 03:15:27','2023-01-28 03:15:27','Quae.','Alias vel.','09212371362','0018914373',5,4000000,1674456327,'paid',244,'',0),(266,164,48,'2023-01-19 03:15:27','2023-01-28 03:15:27','Quas.','Sunt.','09212314022','0018914373',4,4000000,1674110727,'paid',245,'',0),(267,164,49,'2023-01-21 03:15:27','2023-01-28 03:15:27','Natus.','Non.','09212326874','0018914373',2,4000000,1674283527,'paid',246,'',0),(268,164,93,'2023-01-18 03:15:28','2023-01-28 03:15:28','Dolores.','Maxime.','09212380799','0018914373',8,4000000,1674024328,'paid',247,'',0),(269,164,83,'2023-01-24 03:15:28','2023-01-28 03:15:28','Eum rerum.','Aut.','09212361010','0018914373',7,4000000,1674542728,'paid',248,'',0),(270,164,93,'2023-01-19 03:15:28','2023-01-28 03:15:28','Rerum cum.','Dicta ut.','09212393203','0018914373',8,4000000,1674110728,'paid',249,'',0),(271,164,7,'2023-01-18 03:15:29','2023-01-28 03:15:29','Vero.','Rem culpa.','09212358979','0018914373',8,4000000,1674024329,'paid',250,'',0),(272,164,32,'2023-01-25 03:15:29','2023-01-28 03:15:29','Voluptas.','Magnam.','09212387549','0018914373',7,4000000,1674629129,'paid',251,'',0),(273,164,59,'2023-01-23 03:15:29','2023-01-28 03:15:29','Iste.','Nobis.','09212334265','0018914373',4,4000000,1674456329,'paid',252,'',0),(274,164,50,'2023-01-25 03:15:30','2023-01-28 03:15:30','Placeat.','Dolores.','09212360923','0018914373',9,4000000,1674629130,'paid',253,'',0),(275,164,115,'2023-01-21 03:15:30','2023-01-28 03:15:30','Accusamus.','Ipsum.','09212382510','0018914373',4,4000000,1674283530,'paid',254,'',0),(276,165,105,'2023-01-22 03:15:30','2023-01-28 03:15:30','Quo ut.','Dolores.','09212343789','0018914373',2,4000000,1674369930,'paid',255,'',0),(277,165,16,'2023-01-25 03:15:31','2023-01-28 03:15:31','Ullam.','Voluptas.','09212398056','0018914373',6,4000000,1674629131,'paid',256,'',0),(278,165,103,'2023-01-20 03:15:31','2023-01-28 03:15:31','Est animi.','Voluptas.','09212392222','0018914373',9,4000000,1674197131,'paid',257,'',0),(279,165,61,'2023-01-21 03:15:32','2023-01-28 03:15:32','Magnam.','Velit.','09212352051','0018914373',3,4000000,1674283532,'paid',258,'',0),(280,165,81,'2023-01-24 03:15:32','2023-01-28 03:15:32','Molestiae.','Rerum.','09212354083','0018914373',2,4000000,1674542732,'paid',259,'',0),(281,165,107,'2023-01-21 03:15:32','2023-01-28 03:15:32','Sit.','Molestiae.','09212376848','0018914373',8,4000000,1674283532,'paid',260,'',0),(282,165,63,'2023-01-25 03:15:33','2023-01-28 03:15:33','Fugiat.','Iure.','09212329535','0018914373',2,4000000,1674629133,'paid',261,'',0),(283,165,42,'2023-01-21 03:15:33','2023-01-28 03:15:33','Minus.','Error.','09212393108','0018914373',7,4000000,1674283533,'paid',262,'',0),(284,165,14,'2023-01-20 03:15:33','2023-01-28 03:15:33','Possimus.','Est hic.','09212346894','0018914373',8,4000000,1674197133,'paid',263,'',0),(285,165,49,'2023-01-19 03:15:34','2023-01-28 03:15:34','Ea sint.','Sit.','09212334137','0018914373',9,4000000,1674110734,'paid',264,'',0),(286,165,63,'2023-01-22 03:15:34','2023-01-28 03:15:34','Eius.','Fuga.','09212331513','0018914373',3,4000000,1674369934,'paid',265,'',0),(287,165,9,'2023-01-23 03:15:34','2023-01-28 03:15:34','Sint.','Non illum.','09212353672','0018914373',9,4000000,1674456334,'paid',266,'',0),(288,165,93,'2023-01-24 03:15:35','2023-01-28 03:15:35','Sit et.','Vitae.','09212327368','0018914373',6,4000000,1674542735,'paid',267,'',0),(289,165,104,'2023-01-23 03:15:35','2023-01-28 03:15:35','Quasi.','Id quia a.','09212312486','0018914373',4,4000000,1674456335,'paid',268,'',0),(290,165,67,'2023-01-23 03:15:35','2023-01-28 03:15:35','Natus.','Et libero.','09212332907','0018914373',7,4000000,1674456335,'paid',269,'',0),(291,165,101,'2023-01-20 03:15:36','2023-01-28 03:15:36','Ipsum.','Est totam.','09212352588','0018914373',9,4000000,1674197136,'paid',270,'',0),(292,165,113,'2023-01-21 03:15:36','2023-01-28 03:15:36','Molestias.','Corrupti.','09212380522','0018914373',8,4000000,1674283536,'paid',271,'',0),(293,165,11,'2023-01-21 03:15:36','2023-01-28 03:15:36','Vel quam.','Rerum sit.','09212385624','0018914373',10,4000000,1674283536,'paid',272,'',0),(294,165,10,'2023-01-23 03:15:37','2023-01-28 03:15:37','Et ipsa.','Nemo.','09212323386','0018914373',4,4000000,1674456337,'paid',273,'',0),(295,165,5,'2023-01-19 03:15:37','2023-01-28 03:15:37','Provident.','Quia vel.','09212339407','0018914373',9,4000000,1674110737,'paid',274,'',0),(296,165,67,'2023-01-24 03:15:37','2023-01-28 03:15:37','Est.','Aut.','09212355321','0018914373',8,4000000,1674542737,'paid',275,'',0),(297,165,82,'2023-01-18 03:15:38','2023-01-28 03:15:38','At eos.','Aut amet.','09212311817','0018914373',5,4000000,1674024338,'paid',276,'',0),(298,165,91,'2023-01-21 03:15:38','2023-01-28 03:15:38','Autem.','Ipsum.','09212386552','0018914373',4,4000000,1674283538,'paid',277,'',0),(299,165,30,'2023-01-25 03:15:38','2023-01-28 03:15:38','Officiis.','Ducimus.','09212344117','0018914373',2,4000000,1674629138,'paid',278,'',0),(300,165,58,'2023-01-20 03:15:39','2023-01-28 03:15:39','Sed aut.','Deleniti.','09212357500','0018914373',2,4000000,1674197139,'paid',279,'',0),(301,165,96,'2023-01-23 03:15:39','2023-01-28 03:15:39','Animi.','Nam est.','09212360959','0018914373',3,4000000,1674456339,'paid',280,'',0),(302,165,38,'2023-01-25 03:15:39','2023-01-28 03:15:39','Eum ut.','Molestias.','09212340685','0018914373',10,4000000,1674629139,'paid',281,'',0),(303,165,52,'2023-01-19 03:15:39','2023-01-28 03:15:39','Debitis.','Pariatur.','09212333879','0018914373',2,4000000,1674110739,'paid',282,'',0),(304,165,117,'2023-01-23 03:15:40','2023-01-28 03:15:40','Fugiat.','Sint.','09212335717','0018914373',7,4000000,1674456340,'paid',283,'',0),(305,165,73,'2023-01-22 03:15:40','2023-01-28 03:15:40','Soluta.','Aliquam.','09212330301','0018914373',2,4000000,1674369940,'paid',284,'',0),(306,165,25,'2023-01-19 03:15:40','2023-01-28 03:15:40','Sint eos.','Vel.','09212354874','0018914373',2,4000000,1674110740,'paid',285,'',0),(307,165,11,'2023-01-23 03:15:40','2023-01-28 03:15:40','Rerum est.','Quis.','09212384408','0018914373',5,4000000,1674456340,'paid',286,'',0),(308,165,20,'2023-01-22 03:15:41','2023-01-28 03:15:41','Non rem.','Est cum.','09212362010','0018914373',4,4000000,1674369941,'paid',287,'',0),(309,165,81,'2023-01-23 03:15:41','2023-01-28 03:15:41','Ex enim.','Omnis.','09212398812','0018914373',10,4000000,1674456341,'paid',288,'',0),(310,165,11,'2023-01-23 03:15:41','2023-01-28 03:15:41','Soluta.','Dolor qui.','09212381710','0018914373',5,4000000,1674456341,'paid',289,'',0),(311,165,27,'2023-01-25 03:15:42','2023-01-28 03:15:42','Aut nobis.','Quis.','09212346852','0018914373',5,4000000,1674629142,'paid',290,'',0),(312,165,18,'2023-01-24 03:15:42','2023-01-28 03:15:42','Est.','Quibusdam.','09212359828','0018914373',7,4000000,1674542742,'paid',291,'',0),(313,165,105,'2023-01-24 03:15:42','2023-01-28 03:15:42','Suscipit.','Ea.','09212328036','0018914373',1,4000000,1674542742,'paid',292,'',0),(314,165,119,'2023-01-23 03:15:43','2023-01-28 03:15:43','Excepturi.','Omnis quo.','09212372945','0018914373',2,4000000,1674456343,'paid',293,'',0),(315,165,71,'2023-01-20 03:15:43','2023-01-28 03:15:43','Nobis.','Numquam.','09212397707','0018914373',1,4000000,1674197143,'paid',294,'',0),(316,165,36,'2023-01-25 03:15:44','2023-01-28 03:15:44','Iste vel.','Ratione.','09212374808','0018914373',8,4000000,1674629144,'paid',295,'',0),(317,165,21,'2023-01-24 03:15:44','2023-01-28 03:15:44','Quia.','In omnis.','09212345350','0018914373',9,4000000,1674542744,'paid',296,'',0),(318,166,119,'2023-01-21 03:15:44','2023-01-28 03:15:44','Fuga.','Amet et.','09212382042','0018914373',5,4000000,1674283544,'paid',297,'',0),(319,166,106,'2023-01-24 03:15:44','2023-01-28 03:15:44','Rerum est.','Quia aut.','09212331499','0018914373',9,4000000,1674542744,'paid',298,'',0),(320,166,14,'2023-01-23 03:15:45','2023-01-28 03:15:45','Rerum.','Eaque nam.','09212320625','0018914373',1,4000000,1674456345,'paid',299,'',0),(321,166,3,'2023-01-19 03:15:45','2023-01-28 03:15:45','Eos totam.','Quod.','09212339342','0018914373',10,4000000,1674110745,'paid',300,'',0),(322,166,120,'2023-01-23 03:15:45','2023-01-28 03:15:45','Velit sit.','Facere.','09212354898','0018914373',10,4000000,1674456345,'paid',301,'',0),(323,166,93,'2023-01-18 03:15:46','2023-01-28 03:15:46','Quis nisi.','Sit quo.','09212373955','0018914373',6,4000000,1674024346,'paid',302,'',0),(324,166,18,'2023-01-19 03:15:46','2023-01-28 03:15:46','Magnam.','Dolorum.','09212399826','0018914373',8,4000000,1674110746,'paid',303,'',0),(325,166,4,'2023-01-25 03:15:47','2023-01-28 03:15:47','Et optio.','Qui sit.','09212343898','0018914373',7,4000000,1674629147,'paid',304,'',0),(326,166,94,'2023-01-21 03:15:47','2023-01-28 03:15:47','Est autem.','Quod id.','09212336899','0018914373',2,4000000,1674283547,'paid',305,'',0),(327,166,47,'2023-01-23 03:15:47','2023-01-28 03:15:47','Nostrum.','Quaerat.','09212377977','0018914373',4,4000000,1674456347,'paid',306,'',0),(328,166,102,'2023-01-24 03:15:48','2023-01-28 03:15:48','Vero.','Error.','09212380187','0018914373',8,4000000,1674542748,'paid',307,'',0),(329,166,117,'2023-01-20 03:15:48','2023-01-28 03:15:48','Porro et.','At.','09212315524','0018914373',1,4000000,1674197148,'paid',308,'',0),(330,166,29,'2023-01-20 03:15:48','2023-01-28 03:15:48','Sint.','Tenetur.','09212379807','0018914373',9,4000000,1674197148,'paid',309,'',0),(331,167,29,'2023-01-19 03:15:49','2023-01-28 03:15:49','Qui illo.','Mollitia.','09212394970','0018914373',3,4000000,1674110749,'paid',310,'',0),(332,167,59,'2023-01-22 03:15:49','2023-01-28 03:15:49','Ad.','Et ea non.','09212379206','0018914373',4,4000000,1674369949,'paid',311,'',0),(333,167,105,'2023-01-22 03:15:49','2023-01-28 03:15:49','Voluptas.','Sequi.','09212365599','0018914373',2,4000000,1674369949,'paid',312,'',0),(334,167,96,'2023-01-23 03:15:50','2023-01-28 03:15:50','Veniam.','Non.','09212350836','0018914373',7,4000000,1674456350,'paid',313,'',0),(335,167,115,'2023-01-24 03:15:50','2023-01-28 03:15:50','Id.','Incidunt.','09212352197','0018914373',5,4000000,1674542750,'paid',314,'',0),(336,167,69,'2023-01-24 03:15:50','2023-01-28 03:15:50','Dolor.','Nulla.','09212384069','0018914373',5,4000000,1674542750,'paid',315,'',0),(337,167,97,'2023-01-21 03:15:51','2023-01-28 03:15:51','Velit aut.','Sed.','09212379701','0018914373',5,4000000,1674283551,'paid',316,'',0),(338,167,84,'2023-01-25 03:15:51','2023-01-28 03:15:51','Sunt qui.','Ratione.','09212339789','0018914373',1,4000000,1674629151,'paid',317,'',0),(339,167,9,'2023-01-20 03:15:51','2023-01-28 03:15:51','Et sed.','Aliquam.','09212364462','0018914373',3,4000000,1674197151,'paid',318,'',0),(340,167,55,'2023-01-20 03:15:52','2023-01-28 03:15:52','Et hic.','Porro.','09212355345','0018914373',8,4000000,1674197152,'paid',319,'',0),(341,167,24,'2023-01-24 03:15:52','2023-01-28 03:15:52','Quos.','Facere.','09212319957','0018914373',4,4000000,1674542752,'paid',320,'',0),(342,167,23,'2023-01-20 03:15:52','2023-01-28 03:15:52','Sunt.','Sit.','09212364222','0018914373',8,4000000,1674197152,'paid',321,'',0),(343,167,44,'2023-01-20 03:15:52','2023-01-28 03:15:52','Et.','Aliquam.','09212318004','0018914373',4,4000000,1674197152,'paid',322,'',0),(344,167,108,'2023-01-25 03:15:53','2023-01-28 03:15:53','Deleniti.','Mollitia.','09212334855','0018914373',9,4000000,1674629153,'paid',323,'',0),(345,167,85,'2023-01-22 03:15:53','2023-01-28 03:15:53','Eum.','Aut.','09212339128','0018914373',8,4000000,1674369953,'paid',324,'',0),(346,167,83,'2023-01-24 03:15:53','2023-01-28 03:15:53','Magnam.','Qui.','09212362716','0018914373',2,4000000,1674542753,'paid',325,'',0),(347,167,22,'2023-01-21 03:15:54','2023-01-28 03:15:54','Nihil.','Est ut.','09212367109','0018914373',9,4000000,1674283554,'paid',326,'',0),(348,167,71,'2023-01-22 03:15:54','2023-01-28 03:15:54','Dolorem.','Aut.','09212396836','0018914373',6,4000000,1674369954,'paid',327,'',0),(349,167,104,'2023-01-23 03:15:54','2023-01-28 03:15:54','Nihil.','Voluptas.','09212382811','0018914373',1,4000000,1674456354,'paid',328,'',0),(350,167,97,'2023-01-25 03:15:55','2023-01-28 03:15:55','Nihil.','Laborum.','09212363387','0018914373',1,4000000,1674629155,'paid',329,'',0),(351,168,3,'2023-01-25 03:15:55','2023-01-28 03:15:55','Quod ut.','Officia.','09212389116','0018914373',8,4000000,1674629155,'paid',330,'',0),(352,168,38,'2023-01-23 03:15:55','2023-01-28 03:15:55','Tempore.','Ipsam.','09212343203','0018914373',2,4000000,1674456355,'paid',331,'',0),(353,168,54,'2023-01-18 03:15:56','2023-01-28 03:15:56','Expedita.','Ex aut ut.','09212354348','0018914373',6,4000000,1674024356,'paid',332,'',0),(354,168,88,'2023-01-24 03:15:56','2023-01-28 03:15:56','Eaque.','Voluptas.','09212354767','0018914373',2,4000000,1674542756,'paid',333,'',0),(355,168,73,'2023-01-19 03:15:56','2023-01-28 03:15:56','Omnis.','Quia qui.','09212338824','0018914373',6,4000000,1674110756,'paid',334,'',0),(356,168,18,'2023-01-24 03:15:57','2023-01-28 03:15:57','Et.','Qui quis.','09212369269','0018914373',7,4000000,1674542757,'paid',335,'',0),(357,168,111,'2023-01-25 03:15:57','2023-01-28 03:15:57','Et quia.','Beatae.','09212341903','0018914373',10,4000000,1674629157,'paid',336,'',0),(358,168,5,'2023-01-19 03:15:58','2023-01-28 03:15:58','Excepturi.','Aut.','09212334803','0018914373',7,4000000,1674110758,'paid',337,'',0),(359,168,18,'2023-01-25 03:15:58','2023-01-28 03:15:58','Odit.','Ipsa in.','09212361162','0018914373',5,4000000,1674629158,'paid',338,'',0),(360,168,26,'2023-01-21 03:15:58','2023-01-28 03:15:58','Vel est.','Aut.','09212370911','0018914373',7,4000000,1674283558,'paid',339,'',0),(361,168,40,'2023-01-23 03:15:58','2023-01-28 03:15:58','Facere.','At eaque.','09212329345','0018914373',3,4000000,1674456358,'paid',340,'',0),(362,168,48,'2023-01-19 03:15:59','2023-01-28 03:15:59','Ut iure.','Rerum.','09212329413','0018914373',10,4000000,1674110759,'paid',341,'',0),(363,168,14,'2023-01-22 03:15:59','2023-01-28 03:15:59','Corrupti.','Vel rerum.','09212320445','0018914373',10,4000000,1674369959,'paid',342,'',0),(364,168,92,'2023-01-20 03:15:59','2023-01-28 03:15:59','Non.','Ut.','09212366319','0018914373',4,4000000,1674197159,'paid',343,'',0),(365,168,87,'2023-01-25 03:16:00','2023-01-28 03:16:00','Odit nisi.','Est fugit.','09212318465','0018914373',5,4000000,1674629160,'paid',344,'',0),(366,168,118,'2023-01-21 03:16:00','2023-01-28 03:16:00','Quidem ea.','Veniam.','09212389797','0018914373',5,4000000,1674283560,'paid',345,'',0),(367,168,62,'2023-01-18 03:16:00','2023-01-28 03:16:00','Voluptate.','Vero.','09212357646','0018914373',7,4000000,1674024360,'paid',346,'',0),(368,168,9,'2023-01-23 03:16:01','2023-01-28 03:16:01','Saepe aut.','Provident.','09212382849','0018914373',6,4000000,1674456361,'paid',347,'',0),(369,168,81,'2023-01-24 03:16:01','2023-01-28 03:16:01','Rerum aut.','Veritatis.','09212389766','0018914373',4,4000000,1674542761,'paid',348,'',0),(370,168,112,'2023-01-21 03:16:01','2023-01-28 03:16:01','Modi aut.','Ea.','09212324982','0018914373',9,4000000,1674283561,'paid',349,'',0),(371,168,45,'2023-01-20 03:16:02','2023-01-28 03:16:02','Et.','Cum.','09212349527','0018914373',5,4000000,1674197162,'paid',350,'',0),(372,168,116,'2023-01-18 03:16:02','2023-01-28 03:16:02','Optio.','Hic.','09212341415','0018914373',4,4000000,1674024362,'paid',351,'',0),(373,168,102,'2023-01-24 03:16:02','2023-01-28 03:16:02','Explicabo.','A ea.','09212387963','0018914373',4,4000000,1674542762,'paid',352,'',0),(374,168,109,'2023-01-21 03:16:03','2023-01-28 03:16:03','Quaerat.','Labore.','09212376274','0018914373',2,4000000,1674283563,'paid',353,'',0),(375,168,63,'2023-01-19 03:16:03','2023-01-28 03:16:03','Dicta hic.','Dolores.','09212349877','0018914373',5,4000000,1674110763,'paid',354,'',0),(376,168,73,'2023-01-21 03:16:03','2023-01-28 03:16:03','Est.','Quo.','09212384502','0018914373',8,4000000,1674283563,'paid',355,'',0),(377,168,71,'2023-01-25 03:16:04','2023-01-28 03:16:04','Velit.','Facilis.','09212341702','0018914373',3,4000000,1674629164,'paid',356,'',0),(378,168,36,'2023-01-20 03:16:04','2023-01-28 03:16:04','Officia.','Omnis in.','09212334072','0018914373',2,4000000,1674197164,'paid',357,'',0),(379,168,30,'2023-01-18 03:16:04','2023-01-28 03:16:04','Nobis.','Velit.','09212355409','0018914373',5,4000000,1674024364,'paid',358,'',0),(380,168,108,'2023-01-18 03:16:05','2023-01-28 03:16:05','Soluta.','Quis ut.','09212383113','0018914373',1,4000000,1674024365,'paid',359,'',0),(381,168,45,'2023-01-24 03:16:05','2023-01-28 03:16:05','Et est.','Doloribus.','09212343862','0018914373',4,4000000,1674542765,'paid',360,'',0),(382,168,10,'2023-01-22 03:16:05','2023-01-28 03:16:05','Aperiam.','Facilis.','09212389440','0018914373',2,4000000,1674369965,'paid',361,'',0),(383,168,104,'2023-01-23 03:16:06','2023-01-28 03:16:06','Iusto.','Minus.','09212345636','0018914373',3,4000000,1674456366,'paid',362,'',0),(384,168,34,'2023-01-20 03:16:06','2023-01-28 03:16:06','Aperiam.','Dolores.','09212323176','0018914373',8,4000000,1674197166,'paid',363,'',0),(385,168,52,'2023-01-25 03:16:06','2023-01-28 03:16:06','Eaque.','Molestiae.','09212398690','0018914373',6,4000000,1674629166,'paid',364,'',0),(386,168,97,'2023-01-18 03:16:07','2023-01-28 03:16:07','Autem.','Nemo eum.','09212376623','0018914373',3,4000000,1674024367,'paid',365,'',0),(387,168,109,'2023-01-22 03:16:07','2023-01-28 03:16:07','Et natus.','Excepturi.','09212367576','0018914373',3,4000000,1674369967,'paid',366,'',0),(388,168,51,'2023-01-24 03:16:07','2023-01-28 03:16:07','Omnis.','Deserunt.','09212380758','0018914373',9,4000000,1674542767,'paid',367,'',0),(389,168,113,'2023-01-20 03:16:08','2023-01-28 03:16:08','Et.','Aut quod.','09212392204','0018914373',5,4000000,1674197168,'paid',368,'',0),(390,168,63,'2023-01-21 03:16:08','2023-01-28 03:16:08','Natus.','Libero.','09212365184','0018914373',4,4000000,1674283568,'paid',369,'',0),(391,168,7,'2023-01-25 03:16:08','2023-01-28 03:16:08','Nam.','In rem.','09212346420','0018914373',4,4000000,1674629168,'paid',370,'',0),(392,168,109,'2023-01-19 03:16:08','2023-01-28 03:16:08','Qui.','Maxime.','09212346522','0018914373',4,4000000,1674110768,'paid',371,'',0),(393,168,68,'2023-01-20 03:16:09','2023-01-28 03:16:09','Ea ullam.','Voluptas.','09212375102','0018914373',9,4000000,1674197169,'paid',372,'',0),(394,168,43,'2023-01-20 03:16:09','2023-01-28 03:16:09','Beatae et.','Omnis.','09212320429','0018914373',8,4000000,1674197169,'paid',373,'',0),(395,168,29,'2023-01-24 03:16:10','2023-01-28 03:16:10','Ex.','Ut.','09212358180','0018914373',7,4000000,1674542770,'paid',374,'',0),(396,169,70,'2023-01-19 03:16:10','2023-01-28 03:16:10','Quae.','Officia.','09212315637','0018914373',2,4000000,1674110770,'paid',375,'',0),(397,169,98,'2023-01-18 03:16:10','2023-01-28 03:16:10','Ea.','Molestiae.','09212398503','0018914373',4,4000000,1674024370,'paid',376,'',0),(398,169,38,'2023-01-20 03:16:10','2023-01-28 03:16:10','Ut.','Et.','09212324496','0018914373',1,4000000,1674197170,'paid',377,'',0),(399,169,32,'2023-01-20 03:16:11','2023-01-28 03:16:11','Ipsam.','Ut.','09212339260','0018914373',4,4000000,1674197171,'paid',378,'',0),(400,169,91,'2023-01-21 03:16:11','2023-01-28 03:16:11','Et quidem.','Qui.','09212327711','0018914373',6,4000000,1674283571,'paid',379,'',0),(401,169,48,'2023-01-22 03:16:11','2023-01-28 03:16:11','Sint quis.','Corporis.','09212391902','0018914373',5,4000000,1674369971,'paid',380,'',0),(402,169,70,'2023-01-20 03:16:12','2023-01-28 03:16:12','Sapiente.','Amet.','09212356851','0018914373',5,4000000,1674197172,'paid',381,'',0),(403,169,40,'2023-01-25 03:16:12','2023-01-28 03:16:12','Est dolor.','At ut.','09212335909','0018914373',4,4000000,1674629172,'paid',382,'',0),(404,169,74,'2023-01-21 03:16:13','2023-01-28 03:16:13','Aut.','Tempore.','09212358265','0018914373',9,4000000,1674283573,'paid',383,'',0),(405,169,62,'2023-01-24 03:16:13','2023-01-28 03:16:13','Ipsum.','Quaerat.','09212363784','0018914373',10,4000000,1674542773,'paid',384,'',0),(406,169,62,'2023-01-25 03:16:13','2023-01-28 03:16:13','In eum.','Quisquam.','09212312679','0018914373',1,4000000,1674629173,'paid',385,'',0),(407,169,86,'2023-01-19 03:16:14','2023-01-28 03:16:14','Rerum.','Nulla.','09212365527','0018914373',2,4000000,1674110774,'paid',386,'',0),(408,169,33,'2023-01-18 03:16:14','2023-01-28 03:16:14','Mollitia.','Qui sed.','09212358025','0018914373',2,4000000,1674024374,'paid',387,'',0),(409,169,109,'2023-01-21 03:16:14','2023-01-28 03:16:14','Magni.','Dolorum.','09212379213','0018914373',4,4000000,1674283574,'paid',388,'',0),(410,169,76,'2023-01-22 03:16:15','2023-01-28 03:16:15','Eligendi.','Est velit.','09212321726','0018914373',9,4000000,1674369975,'paid',389,'',0),(411,169,117,'2023-01-24 03:16:15','2023-01-28 03:16:15','Ut.','Eum unde.','09212369719','0018914373',1,4000000,1674542775,'paid',390,'',0),(412,169,112,'2023-01-22 03:16:15','2023-01-28 03:16:15','Rerum.','Nulla.','09212365014','0018914373',5,4000000,1674369975,'paid',391,'',0),(413,169,64,'2023-01-22 03:16:16','2023-01-28 03:16:16','Quia.','Dolorem.','09212342521','0018914373',3,4000000,1674369976,'paid',392,'',0),(414,169,3,'2023-01-24 03:16:16','2023-01-28 03:16:16','Rem ut.','Et.','09212348712','0018914373',8,4000000,1674542776,'paid',393,'',0),(415,169,87,'2023-01-19 03:16:16','2023-01-28 03:16:16','Ea.','Est iste.','09212315226','0018914373',7,4000000,1674110776,'paid',394,'',0),(416,169,36,'2023-01-22 03:16:17','2023-01-28 03:16:17','Dicta ut.','Est ut.','09212316081','0018914373',8,4000000,1674369977,'paid',395,'',0),(417,169,112,'2023-01-19 03:16:17','2023-01-28 03:16:17','Id rerum.','Porro.','09212327934','0018914373',1,4000000,1674110777,'paid',396,'',0),(418,169,106,'2023-01-23 03:16:18','2023-01-28 03:16:18','Quisquam.','Molestiae.','09212347799','0018914373',10,4000000,1674456378,'paid',397,'',0),(419,169,72,'2023-01-23 03:16:18','2023-01-28 03:16:18','Illum.','In.','09212377309','0018914373',4,4000000,1674456378,'paid',398,'',0),(420,169,25,'2023-01-23 03:16:18','2023-01-28 03:16:18','Quia at.','Quo.','09212367405','0018914373',3,4000000,1674456378,'paid',399,'',0),(421,169,119,'2023-01-20 03:16:18','2023-01-28 03:16:18','Natus.','Iure.','09212333208','0018914373',7,4000000,1674197178,'paid',400,'',0),(422,169,79,'2023-01-23 03:16:19','2023-01-28 03:16:19','Quisquam.','Natus.','09212371068','0018914373',10,4000000,1674456379,'paid',401,'',0),(423,169,57,'2023-01-24 03:16:19','2023-01-28 03:16:19','Sint.','Est in.','09212322148','0018914373',1,4000000,1674542779,'paid',402,'',0),(424,169,77,'2023-01-24 03:16:19','2023-01-28 03:16:19','Quis.','Occaecati.','09212389028','0018914373',1,4000000,1674542779,'paid',403,'',0),(425,169,72,'2023-01-23 03:16:19','2023-01-28 03:16:19','Sunt ut.','Omnis ea.','09212363916','0018914373',3,4000000,1674456379,'paid',404,'',0),(426,169,96,'2023-01-19 03:16:20','2023-01-28 03:16:20','Dolorem.','At.','09212355767','0018914373',1,4000000,1674110780,'paid',405,'',0),(427,169,16,'2023-01-22 03:16:20','2023-01-28 03:16:20','Impedit.','Molestias.','09212382379','0018914373',2,4000000,1674369980,'paid',406,'',0),(428,170,102,'2023-01-25 03:16:20','2023-01-28 03:16:20','Commodi.','Provident.','09212360678','0018914373',7,4000000,1674629180,'paid',407,'',0),(429,170,27,'2023-01-19 03:16:21','2023-01-28 03:16:21','Totam.','Veniam.','09212339977','0018914373',2,4000000,1674110781,'paid',408,'',0),(430,170,53,'2023-01-21 03:16:21','2023-01-28 03:16:21','Placeat.','Magnam.','09212340311','0018914373',1,4000000,1674283581,'paid',409,'',0),(431,170,65,'2023-01-18 03:16:21','2023-01-28 03:16:21','Placeat.','Neque.','09212312001','0018914373',1,4000000,1674024381,'paid',410,'',0),(432,170,48,'2023-01-18 03:16:22','2023-01-28 03:16:22','Sit et.','Veritatis.','09212360328','0018914373',10,4000000,1674024382,'paid',411,'',0),(433,170,78,'2023-01-21 03:16:22','2023-01-28 03:16:22','Nihil.','Sit quis.','09212352018','0018914373',7,4000000,1674283582,'paid',412,'',0),(434,170,87,'2023-01-25 03:16:23','2023-01-28 03:16:23','Dolore.','At esse.','09212364360','0018914373',2,4000000,1674629183,'paid',413,'',0),(435,170,6,'2023-01-21 03:16:23','2023-01-28 03:16:23','Corrupti.','Pariatur.','09212344580','0018914373',10,4000000,1674283583,'paid',414,'',0),(436,170,34,'2023-01-22 03:16:24','2023-01-28 03:16:24','Quidem.','Minus.','09212317504','0018914373',1,4000000,1674369984,'paid',415,'',0),(437,170,9,'2023-01-20 03:16:24','2023-01-28 03:16:24','Ad.','Vel et.','09212376830','0018914373',1,4000000,1674197184,'paid',416,'',0),(438,170,120,'2023-01-23 03:16:24','2023-01-28 03:16:24','Magnam.','Et.','09212367229','0018914373',5,4000000,1674456384,'paid',417,'',0),(439,170,16,'2023-01-21 03:16:25','2023-01-28 03:16:25','Enim.','Hic.','09212373799','0018914373',4,4000000,1674283585,'paid',418,'',0),(440,170,32,'2023-01-21 03:16:25','2023-01-28 03:16:25','Aut.','Illum.','09212387062','0018914373',1,4000000,1674283585,'paid',419,'',0),(441,170,27,'2023-01-20 03:16:25','2023-01-28 03:16:25','Aut.','Dolorem.','09212399456','0018914373',7,4000000,1674197185,'paid',420,'',0),(442,170,115,'2023-01-18 03:16:25','2023-01-28 03:16:25','Ut iste.','Aut est.','09212375296','0018914373',3,4000000,1674024385,'paid',421,'',0),(443,170,48,'2023-01-24 03:16:26','2023-01-28 03:16:26','Enim.','Modi.','09212350287','0018914373',9,4000000,1674542786,'paid',422,'',0),(444,170,59,'2023-01-22 03:16:26','2023-01-28 03:16:26','Nemo.','Nisi.','09212344148','0018914373',7,4000000,1674369986,'paid',423,'',0),(445,170,56,'2023-01-20 03:16:26','2023-01-28 03:16:26','Beatae.','Quos.','09212382287','0018914373',9,4000000,1674197186,'paid',424,'',0),(446,170,112,'2023-01-23 03:16:27','2023-01-28 03:16:27','Et et.','Ut itaque.','09212362476','0018914373',5,4000000,1674456387,'paid',425,'',0),(447,170,114,'2023-01-19 03:16:27','2023-01-28 03:16:27','Nihil.','Dolorem.','09212356266','0018914373',7,4000000,1674110787,'paid',426,'',0),(448,170,87,'2023-01-22 03:16:27','2023-01-28 03:16:27','Quasi.','Eius.','09212386458','0018914373',5,4000000,1674369987,'paid',427,'',0),(449,170,49,'2023-01-23 03:16:28','2023-01-28 03:16:28','Impedit.','Tempore.','09212368512','0018914373',8,4000000,1674456388,'paid',428,'',0),(450,170,91,'2023-01-21 03:16:28','2023-01-28 03:16:28','Rerum.','Beatae.','09212374376','0018914373',7,4000000,1674283588,'paid',429,'',0),(451,170,119,'2023-01-20 03:16:29','2023-01-28 03:16:29','Ducimus.','Facilis.','09212368002','0018914373',10,4000000,1674197189,'paid',430,'',0),(452,170,37,'2023-01-21 03:16:29','2023-01-28 03:16:29','Officiis.','Aut.','09212391694','0018914373',1,4000000,1674283589,'paid',431,'',0),(453,170,94,'2023-01-25 03:16:29','2023-01-28 03:16:29','Tempora.','Rerum et.','09212399850','0018914373',10,4000000,1674629189,'paid',432,'',0),(454,170,100,'2023-01-21 03:16:29','2023-01-28 03:16:29','Optio.','Excepturi.','09212388218','0018914373',8,4000000,1674283589,'paid',433,'',0),(455,170,81,'2023-01-18 03:16:30','2023-01-28 03:16:30','Explicabo.','Provident.','09212393150','0018914373',6,4000000,1674024390,'paid',434,'',0),(456,170,44,'2023-01-18 03:16:30','2023-01-28 03:16:30','Itaque.','Quo ut.','09212337475','0018914373',10,4000000,1674024390,'paid',435,'',0),(457,170,25,'2023-01-20 03:16:30','2023-01-28 03:16:30','Qui sit.','Rerum.','09212334090','0018914373',8,4000000,1674197190,'paid',436,'',0),(458,170,114,'2023-01-21 03:16:31','2023-01-28 03:16:31','Saepe.','Eveniet.','09212397248','0018914373',6,4000000,1674283591,'paid',437,'',0),(459,170,80,'2023-01-19 03:16:31','2023-01-28 03:16:31','Sed sed.','Aperiam.','09212331492','0018914373',4,4000000,1674110791,'paid',438,'',0),(460,170,99,'2023-01-25 03:16:32','2023-01-28 03:16:32','Non quia.','Non harum.','09212341632','0018914373',9,4000000,1674629192,'paid',439,'',0),(461,170,99,'2023-01-25 03:16:32','2023-01-28 03:16:32','Nobis sit.','Deleniti.','09212377580','0018914373',5,4000000,1674629192,'paid',440,'',0),(462,170,46,'2023-01-25 03:16:32','2023-01-28 03:16:32','Facere et.','Nam et.','09212317302','0018914373',1,4000000,1674629192,'paid',441,'',0),(463,170,55,'2023-01-19 03:16:33','2023-01-28 03:16:33','Itaque.','Ipsa ex.','09212344688','0018914373',7,4000000,1674110793,'paid',442,'',0),(464,170,59,'2023-01-20 03:16:33','2023-01-28 03:16:33','Quia.','Excepturi.','09212347276','0018914373',10,4000000,1674197193,'paid',443,'',0),(465,170,108,'2023-01-21 03:16:33','2023-01-28 03:16:33','Illum vel.','Magnam.','09212390238','0018914373',1,4000000,1674283593,'paid',444,'',0),(466,170,31,'2023-01-22 03:16:34','2023-01-28 03:16:34','Fugiat.','Qui et.','09212396496','0018914373',7,4000000,1674369994,'paid',445,'',0),(467,170,103,'2023-01-22 03:16:34','2023-01-28 03:16:34','Non.','Non ullam.','09212371581','0018914373',5,4000000,1674369994,'paid',446,'',0),(468,170,4,'2023-01-22 03:16:34','2023-01-28 03:16:34','Cumque.','Unde.','09212372196','0018914373',5,4000000,1674369994,'paid',447,'',0),(469,170,20,'2023-01-25 03:16:35','2023-01-28 03:16:35','Dolor.','Beatae.','09212347312','0018914373',10,4000000,1674629195,'paid',448,'',0),(470,170,29,'2023-01-18 03:16:35','2023-01-28 03:16:35','Eveniet.','Quidem.','09212389547','0018914373',7,4000000,1674024395,'paid',449,'',0),(471,170,90,'2023-01-24 03:16:35','2023-01-28 03:16:35','Similique.','Soluta.','09212346790','0018914373',8,4000000,1674542795,'paid',450,'',0),(472,170,42,'2023-01-20 03:16:36','2023-01-28 03:16:36','Autem.','Est et.','09212347406','0018914373',3,4000000,1674197196,'paid',451,'',0),(473,170,81,'2023-01-22 03:16:36','2023-01-28 03:16:36','Ut.','Modi est.','09212392055','0018914373',3,4000000,1674369996,'paid',452,'',0),(474,170,8,'2023-01-24 03:16:36','2023-01-28 03:16:36','Quae et.','Saepe.','09212364308','0018914373',10,4000000,1674542796,'paid',453,'',0),(475,170,113,'2023-01-20 03:16:37','2023-01-28 03:16:37','In sequi.','Sed sed.','09212385919','0018914373',6,4000000,1674197197,'paid',454,'',0),(476,170,111,'2023-01-25 03:16:37','2023-01-28 03:16:37','Et ut qui.','Dolores.','09212312899','0018914373',5,4000000,1674629197,'paid',455,'',0),(477,170,95,'2023-01-21 03:16:37','2023-01-28 03:16:37','At.','Eligendi.','09212375659','0018914373',10,4000000,1674283597,'paid',456,'',0),(478,171,67,'2023-01-21 03:16:37','2023-01-28 03:16:37','Velit ex.','Quaerat.','09212384128','0018914373',2,4000000,1674283597,'paid',457,'',0),(479,171,34,'2023-01-23 03:16:38','2023-01-28 03:16:38','Dolorum.','Iure est.','09212347924','0018914373',7,4000000,1674456398,'paid',458,'',0),(480,171,45,'2023-01-20 03:16:38','2023-01-28 03:16:38','Sunt.','Ut.','09212391844','0018914373',4,4000000,1674197198,'paid',459,'',0),(481,171,40,'2023-01-25 03:16:39','2023-01-28 03:16:39','Autem.','Maxime.','09212394786','0018914373',4,4000000,1674629199,'paid',460,'',0),(482,171,65,'2023-01-18 03:16:39','2023-01-28 03:16:39','Ducimus.','Est animi.','09212321168','0018914373',5,4000000,1674024399,'paid',461,'',0),(483,171,19,'2023-01-25 03:16:39','2023-01-28 03:16:39','Error.','Incidunt.','09212367682','0018914373',2,4000000,1674629199,'paid',462,'',0),(484,171,44,'2023-01-23 03:16:40','2023-01-28 03:16:40','Commodi.','Adipisci.','09212335860','0018914373',5,4000000,1674456400,'paid',463,'',0),(485,171,109,'2023-01-18 03:16:40','2023-01-28 03:16:40','Ut id.','Omnis.','09212331064','0018914373',8,4000000,1674024400,'paid',464,'',0),(486,171,72,'2023-01-20 03:16:40','2023-01-28 03:16:40','Ratione.','Iste quis.','09212360909','0018914373',4,4000000,1674197200,'paid',465,'',0),(487,171,96,'2023-01-22 03:16:41','2023-01-28 03:16:41','Voluptas.','Facere.','09212321320','0018914373',3,4000000,1674370001,'paid',466,'',0),(488,171,9,'2023-01-18 03:16:41','2023-01-28 03:16:41','Quas id.','Id.','09212350117','0018914373',6,4000000,1674024401,'paid',467,'',0),(489,171,54,'2023-01-18 03:16:41','2023-01-28 03:16:41','Sapiente.','Ducimus.','09212324272','0018914373',6,4000000,1674024401,'paid',468,'',0),(490,171,6,'2023-01-22 03:16:42','2023-01-28 03:16:42','Ea rerum.','Fugiat.','09212330999','0018914373',10,4000000,1674370002,'paid',469,'',0),(491,171,73,'2023-01-21 03:16:42','2023-01-28 03:16:42','Maxime.','Ea neque.','09212372368','0018914373',2,4000000,1674283602,'paid',470,'',0),(492,171,9,'2023-01-18 03:16:42','2023-01-28 03:16:42','Est natus.','Voluptas.','09212319600','0018914373',6,4000000,1674024402,'paid',471,'',0),(493,171,61,'2023-01-22 03:16:43','2023-01-28 03:16:43','Nemo.','Culpa.','09212323516','0018914373',2,4000000,1674370003,'paid',472,'',0),(494,171,29,'2023-01-25 03:16:43','2023-01-28 03:16:43','Amet.','Sint.','09212352584','0018914373',7,4000000,1674629203,'paid',473,'',0),(495,171,7,'2023-01-23 03:16:43','2023-01-28 03:16:43','Quo ipsam.','Facilis.','09212397317','0018914373',10,4000000,1674456403,'paid',474,'',0),(496,171,60,'2023-01-23 03:16:44','2023-01-28 03:16:44','Placeat.','Ut.','09212382929','0018914373',5,4000000,1674456404,'paid',475,'',0),(497,171,58,'2023-01-22 03:16:44','2023-01-28 03:16:44','Aliquid.','Porro.','09212322294','0018914373',3,4000000,1674370004,'paid',476,'',0),(498,171,66,'2023-01-18 03:16:44','2023-01-28 03:16:44','Quas.','Cum sunt.','09212326218','0018914373',9,4000000,1674024404,'paid',477,'',0),(499,171,19,'2023-01-25 03:16:45','2023-01-28 03:16:45','Neque.','Tenetur.','09212380186','0018914373',5,4000000,1674629205,'paid',478,'',0),(500,171,84,'2023-01-19 03:16:45','2023-01-28 03:16:45','Et.','Odio.','09212321563','0018914373',10,4000000,1674110805,'paid',479,'',0),(501,171,4,'2023-01-18 03:16:45','2023-01-28 03:16:45','Omnis.','Ut.','09212387874','0018914373',4,4000000,1674024405,'paid',480,'',0),(502,171,50,'2023-01-25 03:16:46','2023-01-28 03:16:46','Aperiam.','Incidunt.','09212379120','0018914373',8,4000000,1674629206,'paid',481,'',0),(503,171,70,'2023-01-23 03:16:46','2023-01-28 03:16:46','Fuga ut.','Ex id.','09212383553','0018914373',4,4000000,1674456406,'paid',482,'',0),(504,171,47,'2023-01-19 03:16:46','2023-01-28 03:16:46','Sunt ab.','Doloribus.','09212340378','0018914373',7,4000000,1674110806,'paid',483,'',0),(505,171,61,'2023-01-18 03:16:47','2023-01-28 03:16:47','Inventore.','Deleniti.','09212314612','0018914373',10,4000000,1674024407,'paid',484,'',0),(506,171,38,'2023-01-22 03:16:47','2023-01-28 03:16:47','Voluptas.','Natus.','09212394209','0018914373',5,4000000,1674370007,'paid',485,'',0),(507,171,32,'2023-01-23 03:16:47','2023-01-28 03:16:47','Quisquam.','Esse.','09212380611','0018914373',1,4000000,1674456407,'paid',486,'',0),(508,171,119,'2023-01-18 03:16:48','2023-01-28 03:16:48','Ratione.','Earum et.','09212374485','0018914373',4,4000000,1674024408,'paid',487,'',0),(509,171,70,'2023-01-23 03:16:48','2023-01-28 03:16:48','Et.','Ab fugit.','09212317084','0018914373',1,4000000,1674456408,'paid',488,'',0),(510,171,24,'2023-01-23 03:16:48','2023-01-28 03:16:48','Excepturi.','Quis.','09212335938','0018914373',1,4000000,1674456408,'paid',489,'',0),(511,171,5,'2023-01-20 03:16:49','2023-01-28 03:16:49','Et.','Veniam.','09212381227','0018914373',4,4000000,1674197209,'paid',490,'',0),(512,171,79,'2023-01-25 03:16:49','2023-01-28 03:16:49','Aut optio.','Dolorem.','09212374068','0018914373',5,4000000,1674629209,'paid',491,'',0),(513,171,24,'2023-01-19 03:16:49','2023-01-28 03:16:49','Nobis.','Et.','09212378666','0018914373',10,4000000,1674110809,'paid',492,'',0),(514,171,107,'2023-01-23 03:16:50','2023-01-28 03:16:50','Nihil.','Doloribus.','09212367588','0018914373',4,4000000,1674456410,'paid',493,'',0),(515,171,35,'2023-01-23 03:16:50','2023-01-28 03:16:50','Et.','Similique.','09212320320','0018914373',4,4000000,1674456410,'paid',494,'',0),(516,171,69,'2023-01-22 03:16:50','2023-01-28 03:16:50','Dicta.','Maiores.','09212360701','0018914373',5,4000000,1674370010,'paid',495,'',0),(517,171,45,'2023-01-23 03:16:50','2023-01-28 03:16:50','Velit.','Quas ut.','09212327468','0018914373',8,4000000,1674456410,'paid',496,'',0),(518,171,38,'2023-01-21 03:16:51','2023-01-28 03:16:51','Ea velit.','Laborum.','09212330470','0018914373',2,4000000,1674283611,'paid',497,'',0),(519,171,50,'2023-01-22 03:16:51','2023-01-28 03:16:51','Vitae.','Vel.','09212353171','0018914373',8,4000000,1674370011,'paid',498,'',0),(520,172,68,'2023-01-21 03:16:51','2023-01-28 03:16:51','Nihil.','Iusto.','09212389016','0018914373',1,4000000,1674283611,'paid',499,'',0),(521,172,104,'2023-01-20 03:16:52','2023-01-28 03:16:52','Cumque.','Qui quod.','09212345084','0018914373',4,4000000,1674197212,'paid',500,'',0),(522,172,85,'2023-01-20 03:16:52','2023-01-28 03:16:52','Nihil.','Earum.','09212377969','0018914373',1,4000000,1674197212,'paid',501,'',0),(523,172,91,'2023-01-24 03:16:52','2023-01-28 03:16:52','Eaque est.','Libero.','09212314553','0018914373',7,4000000,1674542812,'paid',502,'',0),(524,172,41,'2023-01-21 03:16:53','2023-01-28 03:16:53','Doloribus.','Expedita.','09212340226','0018914373',1,4000000,1674283613,'paid',503,'',0),(525,172,70,'2023-01-25 03:16:53','2023-01-28 03:16:53','Est et.','Nihil.','09212354430','0018914373',6,4000000,1674629213,'paid',504,'',0),(526,172,98,'2023-01-23 03:16:53','2023-01-28 03:16:53','Dicta.','Vel eos.','09212332226','0018914373',5,4000000,1674456413,'paid',505,'',0),(527,172,10,'2023-01-23 03:16:54','2023-01-28 03:16:54','Fugit.','Et quis.','09212317398','0018914373',7,4000000,1674456414,'paid',506,'',0),(528,172,41,'2023-01-23 03:16:54','2023-01-28 03:16:54','Ab quia.','Dolorem.','09212358735','0018914373',7,4000000,1674456414,'paid',507,'',0),(529,172,26,'2023-01-25 03:16:54','2023-01-28 03:16:54','Atque.','Inventore.','09212379743','0018914373',4,4000000,1674629214,'paid',508,'',0),(530,172,72,'2023-01-24 03:16:55','2023-01-28 03:16:55','Nesciunt.','A magni.','09212347555','0018914373',4,4000000,1674542815,'paid',509,'',0),(531,172,9,'2023-01-23 03:16:55','2023-01-28 03:16:55','Ut unde.','Qui est.','09212365985','0018914373',9,4000000,1674456415,'paid',510,'',0),(532,172,15,'2023-01-19 03:16:55','2023-01-28 03:16:55','Est quas.','Et cumque.','09212389765','0018914373',1,4000000,1674110815,'paid',511,'',0),(533,172,46,'2023-01-21 03:16:55','2023-01-28 03:16:55','Vel nulla.','Adipisci.','09212311534','0018914373',9,4000000,1674283615,'paid',512,'',0),(534,172,13,'2023-01-21 03:16:56','2023-01-28 03:16:56','Iusto.','Maiores.','09212320994','0018914373',6,4000000,1674283616,'paid',513,'',0),(535,172,95,'2023-01-18 03:16:56','2023-01-28 03:16:56','Minus aut.','Fuga aut.','09212341291','0018914373',6,4000000,1674024416,'paid',514,'',0),(536,172,8,'2023-01-25 03:16:56','2023-01-28 03:16:56','Soluta ut.','Et.','09212345197','0018914373',7,4000000,1674629216,'paid',515,'',0),(537,172,77,'2023-01-23 03:16:57','2023-01-28 03:16:57','Dolor ad.','Ipsum qui.','09212329084','0018914373',4,4000000,1674456417,'paid',516,'',0),(538,172,28,'2023-01-22 03:16:57','2023-01-28 03:16:57','Eos quia.','Sit.','09212392017','0018914373',9,4000000,1674370017,'paid',517,'',0),(539,172,33,'2023-01-21 03:16:57','2023-01-28 03:16:57','Illum.','Vero.','09212373349','0018914373',5,4000000,1674283617,'paid',518,'',0),(540,172,4,'2023-01-25 03:16:58','2023-01-28 03:16:58','Iusto.','Rerum.','09212323704','0018914373',8,4000000,1674629218,'paid',519,'',0),(541,172,49,'2023-01-24 03:16:58','2023-01-28 03:16:58','Est.','Et rerum.','09212388827','0018914373',4,4000000,1674542818,'paid',520,'',0),(542,172,6,'2023-01-24 03:16:58','2023-01-28 03:16:58','Magnam.','Quod non.','09212313535','0018914373',4,4000000,1674542818,'paid',521,'',0),(543,172,70,'2023-01-19 03:16:59','2023-01-28 03:16:59','Sit.','Cumque.','09212312234','0018914373',9,4000000,1674110819,'paid',522,'',0),(544,172,68,'2023-01-20 03:16:59','2023-01-28 03:16:59','Magnam.','Sint.','09212369687','0018914373',5,4000000,1674197219,'paid',523,'',0),(545,172,85,'2023-01-25 03:16:59','2023-01-28 03:16:59','Harum aut.','Veritatis.','09212357182','0018914373',3,4000000,1674629219,'paid',524,'',0),(546,172,119,'2023-01-25 03:17:00','2023-01-28 03:17:00','Quae non.','Magni.','09212382108','0018914373',9,4000000,1674629220,'paid',525,'',0),(547,172,38,'2023-01-18 03:17:00','2023-01-28 03:17:00','Incidunt.','Aut.','09212336281','0018914373',10,4000000,1674024420,'paid',526,'',0),(548,172,95,'2023-01-19 03:17:00','2023-01-28 03:17:00','Dolores.','At beatae.','09212390754','0018914373',9,4000000,1674110820,'paid',527,'',0),(549,172,19,'2023-01-25 03:17:01','2023-01-28 03:17:01','Dolores.','Et sit.','09212354343','0018914373',1,4000000,1674629221,'paid',528,'',0),(550,172,110,'2023-01-23 03:17:01','2023-01-28 03:17:01','Veritatis.','Autem et.','09212367413','0018914373',4,4000000,1674456421,'paid',529,'',0),(551,172,12,'2023-01-18 03:17:01','2023-01-28 03:17:01','Adipisci.','Saepe.','09212336691','0018914373',5,4000000,1674024421,'paid',530,'',0),(552,172,54,'2023-01-20 03:17:02','2023-01-28 03:17:02','Voluptate.','Totam cum.','09212366639','0018914373',10,4000000,1674197222,'paid',531,'',0),(553,172,92,'2023-01-18 03:17:02','2023-01-28 03:17:02','Placeat.','Nesciunt.','09212342652','0018914373',6,4000000,1674024422,'paid',532,'',0),(554,172,26,'2023-01-19 03:17:02','2023-01-28 03:17:02','Pariatur.','Neque.','09212371093','0018914373',6,4000000,1674110822,'paid',533,'',0),(555,172,14,'2023-01-20 03:17:03','2023-01-28 03:17:03','Labore.','Sunt.','09212387580','0018914373',8,4000000,1674197223,'paid',534,'',0),(556,172,85,'2023-01-22 03:17:03','2023-01-28 03:17:03','Dolorem.','Quia.','09212339147','0018914373',5,4000000,1674370023,'paid',535,'',0),(557,172,58,'2023-01-20 03:17:03','2023-01-28 03:17:03','Nostrum.','Sapiente.','09212339519','0018914373',7,4000000,1674197223,'paid',536,'',0),(558,172,52,'2023-01-23 03:17:04','2023-01-28 03:17:04','Iusto.','Soluta.','09212316096','0018914373',1,4000000,1674456424,'paid',537,'',0),(559,172,100,'2023-01-18 03:17:04','2023-01-28 03:17:04','Sequi.','Eos autem.','09212386967','0018914373',8,4000000,1674024424,'paid',538,'',0),(560,172,74,'2023-01-22 03:17:04','2023-01-28 03:17:05','Dicta et.','Omnis.','09212332221','0018914373',9,4000000,1674370024,'paid',539,'',0),(561,172,99,'2023-01-25 03:17:05','2023-01-28 03:17:05','Natus ex.','In.','09212358445','0018914373',2,4000000,1674629225,'paid',540,'',0),(562,173,85,'2023-01-25 03:17:05','2023-01-28 03:17:05','Voluptas.','Culpa.','09212322008','0018914373',3,4000000,1674629225,'paid',541,'',0),(563,173,46,'2023-01-20 03:17:06','2023-01-28 03:17:06','Ut nihil.','Iusto.','09212352112','0018914373',5,4000000,1674197226,'paid',542,'',0),(564,173,76,'2023-01-20 03:17:06','2023-01-28 03:17:06','Sed.','Est sint.','09212342212','0018914373',5,4000000,1674197226,'paid',543,'',0),(565,173,5,'2023-01-24 03:17:06','2023-01-28 03:17:06','Velit.','Et.','09212355367','0018914373',4,4000000,1674542826,'paid',544,'',0),(566,173,53,'2023-01-19 03:17:06','2023-01-28 03:17:06','Vitae.','Sequi aut.','09212397876','0018914373',6,4000000,1674110826,'paid',545,'',0),(567,173,8,'2023-01-21 03:17:07','2023-01-28 03:17:07','Eos.','Commodi.','09212332446','0018914373',10,4000000,1674283627,'paid',546,'',0),(568,173,20,'2023-01-20 03:17:07','2023-01-28 03:17:07','Sint.','Dolorem.','09212336860','0018914373',9,4000000,1674197227,'paid',547,'',0),(569,173,88,'2023-01-18 03:17:07','2023-01-28 03:17:07','Et autem.','Eaque.','09212357127','0018914373',9,4000000,1674024427,'paid',548,'',0),(570,173,119,'2023-01-25 03:17:08','2023-01-28 03:17:08','Tempore.','In.','09212380761','0018914373',1,4000000,1674629228,'paid',549,'',0),(571,173,59,'2023-01-18 03:17:08','2023-01-28 03:17:08','Eos ut.','Cumque.','09212328075','0018914373',1,4000000,1674024428,'paid',550,'',0),(572,173,55,'2023-01-18 03:17:08','2023-01-28 03:17:08','Impedit.','Deleniti.','09212336595','0018914373',2,4000000,1674024428,'paid',551,'',0),(573,173,101,'2023-01-22 03:17:09','2023-01-28 03:17:09','Ut iusto.','Nihil qui.','09212347087','0018914373',1,4000000,1674370029,'paid',552,'',0),(574,173,4,'2023-01-25 03:17:09','2023-01-28 03:17:09','Sapiente.','Et quas.','09212326234','0018914373',1,4000000,1674629229,'paid',553,'',0),(575,173,108,'2023-01-21 03:17:09','2023-01-28 03:17:09','Dolorum.','Earum rem.','09212375004','0018914373',1,4000000,1674283629,'paid',554,'',0),(576,173,40,'2023-01-19 03:17:09','2023-01-28 03:17:09','Quidem.','Vel.','09212359637','0018914373',1,4000000,1674110829,'paid',555,'',0),(577,173,36,'2023-01-18 03:17:10','2023-01-28 03:17:10','Ad et.','Autem aut.','09212337731','0018914373',6,4000000,1674024430,'paid',556,'',0),(578,173,63,'2023-01-18 03:17:10','2023-01-28 03:17:10','Iure.','Sit.','09212390763','0018914373',2,4000000,1674024430,'paid',557,'',0),(579,173,24,'2023-01-18 03:17:10','2023-01-28 03:17:10','Veritatis.','Est modi.','09212363145','0018914373',2,4000000,1674024430,'paid',558,'',0),(580,173,66,'2023-01-20 03:17:11','2023-01-28 03:17:11','Placeat.','Incidunt.','09212325727','0018914373',2,4000000,1674197231,'paid',559,'',0),(581,173,44,'2023-01-24 03:17:11','2023-01-28 03:17:11','Provident.','Eum.','09212340356','0018914373',6,4000000,1674542831,'paid',560,'',0),(582,173,105,'2023-01-19 03:17:12','2023-01-28 03:17:12','Aperiam.','Occaecati.','09212313414','0018914373',10,4000000,1674110832,'paid',561,'',0),(583,173,100,'2023-01-18 03:17:12','2023-01-28 03:17:12','Veniam in.','Quis.','09212329029','0018914373',6,4000000,1674024432,'paid',562,'',0),(584,173,39,'2023-01-21 03:17:12','2023-01-28 03:17:12','Nam.','Assumenda.','09212376704','0018914373',6,4000000,1674283632,'paid',563,'',0),(585,173,93,'2023-01-20 03:17:13','2023-01-28 03:17:13','Magni est.','Quia.','09212351652','0018914373',1,4000000,1674197233,'paid',564,'',0),(586,173,49,'2023-01-24 03:17:13','2023-01-28 03:17:13','Ipsam ad.','Harum.','09212355505','0018914373',9,4000000,1674542833,'paid',565,'',0),(587,173,31,'2023-01-18 03:17:13','2023-01-28 03:17:13','A magni.','Ut.','09212359705','0018914373',1,4000000,1674024433,'paid',566,'',0),(588,173,66,'2023-01-23 03:17:14','2023-01-28 03:17:14','Nihil.','Sint.','09212350241','0018914373',9,4000000,1674456434,'paid',567,'',0),(589,173,30,'2023-01-20 03:17:14','2023-01-28 03:17:14','Et magni.','Soluta.','09212362893','0018914373',7,4000000,1674197234,'paid',568,'',0),(590,173,58,'2023-01-25 03:17:14','2023-01-28 03:17:14','Ipsum aut.','Qui sit.','09212372817','0018914373',4,4000000,1674629234,'paid',569,'',0),(591,173,120,'2023-01-25 03:17:15','2023-01-28 03:17:15','Amet.','Quas ut.','09212368205','0018914373',2,4000000,1674629235,'paid',570,'',0),(592,173,89,'2023-01-19 03:17:15','2023-01-28 03:17:15','Explicabo.','Nobis nam.','09212376921','0018914373',5,4000000,1674110835,'paid',571,'',0),(593,173,44,'2023-01-19 03:17:15','2023-01-28 03:17:15','Ipsa.','Eligendi.','09212338411','0018914373',7,4000000,1674110835,'paid',572,'',0),(594,173,37,'2023-01-22 03:17:15','2023-01-28 03:17:15','Soluta.','Vel est.','09212344936','0018914373',4,4000000,1674370035,'paid',573,'',0),(595,173,115,'2023-01-21 03:17:16','2023-01-28 03:17:16','Odit enim.','Vitae.','09212332136','0018914373',6,4000000,1674283636,'paid',574,'',0),(596,173,76,'2023-01-21 03:17:16','2023-01-28 03:17:16','Assumenda.','Saepe.','09212361571','0018914373',1,4000000,1674283636,'paid',575,'',0),(597,173,85,'2023-01-23 03:17:17','2023-01-28 03:17:17','Facilis.','Omnis est.','09212338287','0018914373',2,4000000,1674456437,'paid',576,'',0),(598,173,23,'2023-01-23 03:17:17','2023-01-28 03:17:17','Iusto.','Est ipsum.','09212335153','0018914373',10,4000000,1674456437,'paid',577,'',0),(599,173,27,'2023-01-24 03:17:18','2023-01-28 03:17:18','Optio sed.','Dolor.','09212369164','0018914373',2,4000000,1674542838,'paid',578,'',0),(600,173,31,'2023-01-21 03:17:18','2023-01-28 03:17:18','Facilis.','Quibusdam.','09212316605','0018914373',7,4000000,1674283638,'paid',579,'',0),(601,173,32,'2023-01-21 03:17:18','2023-01-28 03:17:18','Nemo.','Ut.','09212364427','0018914373',10,4000000,1674283638,'paid',580,'',0),(602,173,31,'2023-01-18 03:17:18','2023-01-28 03:17:18','Earum at.','Nesciunt.','09212365959','0018914373',4,4000000,1674024438,'paid',581,'',0),(603,173,12,'2023-01-22 03:17:19','2023-01-28 03:17:19','Aut vel.','Totam ut.','09212335283','0018914373',3,4000000,1674370039,'paid',582,'',0),(604,173,23,'2023-01-25 03:17:19','2023-01-28 03:17:19','Eos saepe.','Odio.','09212392355','0018914373',9,4000000,1674629239,'paid',583,'',0),(605,173,118,'2023-01-25 03:17:19','2023-01-28 03:17:19','Sequi.','Voluptas.','09212373397','0018914373',4,4000000,1674629239,'paid',584,'',0),(606,174,78,'2023-01-25 03:17:20','2023-01-28 03:17:20','Ut.','Sed sunt.','09212372186','0018914373',4,4000000,1674629240,'paid',585,'',0),(607,174,19,'2023-01-23 03:17:20','2023-01-28 03:17:20','Fugiat.','Quia.','09212316870','0018914373',7,4000000,1674456440,'paid',586,'',0),(608,174,72,'2023-01-21 03:17:20','2023-01-28 03:17:20','Sit quas.','Ut quia.','09212394207','0018914373',9,4000000,1674283640,'paid',587,'',0),(609,174,21,'2023-01-18 03:17:21','2023-01-28 03:17:21','Quae est.','Amet.','09212338134','0018914373',5,4000000,1674024441,'paid',588,'',0),(610,174,52,'2023-01-18 03:17:21','2023-01-28 03:17:21','Inventore.','Beatae.','09212372037','0018914373',6,4000000,1674024441,'paid',589,'',0),(611,174,76,'2023-01-24 03:17:21','2023-01-28 03:17:21','Possimus.','In ipsa.','09212382597','0018914373',10,4000000,1674542841,'paid',590,'',0),(612,174,53,'2023-01-22 03:17:21','2023-01-28 03:17:21','Et est et.','Aliquid.','09212393516','0018914373',4,4000000,1674370041,'paid',591,'',0),(613,174,90,'2023-01-22 03:17:22','2023-01-28 03:17:22','Corrupti.','Cum.','09212367052','0018914373',6,4000000,1674370042,'paid',592,'',0),(614,174,21,'2023-01-20 03:17:22','2023-01-28 03:17:22','Qui et.','At non.','09212342778','0018914373',2,4000000,1674197242,'paid',593,'',0),(615,174,9,'2023-01-25 03:17:22','2023-01-28 03:17:22','Nisi.','Corrupti.','09212319596','0018914373',10,4000000,1674629242,'paid',594,'',0),(616,174,112,'2023-01-21 03:17:23','2023-01-28 03:17:23','At.','Rerum.','09212328101','0018914373',4,4000000,1674283643,'paid',595,'',0),(617,174,113,'2023-01-24 03:17:23','2023-01-28 03:17:23','Rerum.','Aut.','09212323770','0018914373',1,4000000,1674542843,'paid',596,'',0),(618,174,36,'2023-01-19 03:17:23','2023-01-28 03:17:23','Corrupti.','Ducimus.','09212358106','0018914373',3,4000000,1674110843,'paid',597,'',0),(619,174,115,'2023-01-24 03:17:24','2023-01-28 03:17:24','Dolorum.','Laborum.','09212395075','0018914373',4,4000000,1674542844,'paid',598,'',0),(620,174,120,'2023-01-22 03:17:24','2023-01-28 03:17:24','Enim sed.','Aut ut.','09212383438','0018914373',2,4000000,1674370044,'paid',599,'',0),(621,175,38,'2023-01-21 03:17:24','2023-01-28 03:17:24','Veniam.','Numquam.','09212375148','0018914373',6,4000000,1674283644,'paid',600,'',0),(622,175,19,'2023-01-25 03:17:25','2023-01-28 03:17:25','Quia.','Accusamus.','09212381433','0018914373',6,4000000,1674629245,'paid',601,'',0),(623,175,74,'2023-01-24 03:17:25','2023-01-28 03:17:25','Ipsum.','Odio non.','09212395935','0018914373',1,4000000,1674542845,'paid',602,'',0),(624,175,50,'2023-01-20 03:17:26','2023-01-28 03:17:26','Accusamus.','Quo.','09212366506','0018914373',4,4000000,1674197246,'paid',603,'',0),(625,175,55,'2023-01-23 03:17:26','2023-01-28 03:17:26','Sapiente.','Ipsa.','09212331994','0018914373',3,4000000,1674456446,'paid',604,'',0),(626,175,34,'2023-01-20 03:17:26','2023-01-28 03:17:26','Et autem.','Qui qui.','09212337321','0018914373',5,4000000,1674197246,'paid',605,'',0),(627,175,109,'2023-01-24 03:17:26','2023-01-28 03:17:26','Quaerat.','Placeat.','09212392700','0018914373',3,4000000,1674542846,'paid',606,'',0),(628,175,108,'2023-01-19 03:17:27','2023-01-28 03:17:27','Quia.','Quibusdam.','09212348150','0018914373',9,4000000,1674110847,'paid',607,'',0),(629,175,63,'2023-01-20 03:17:27','2023-01-28 03:17:27','Facere.','Vero sint.','09212369644','0018914373',5,4000000,1674197247,'paid',608,'',0),(630,175,22,'2023-01-25 03:17:27','2023-01-28 03:17:27','Ut.','Possimus.','09212354994','0018914373',7,4000000,1674629247,'paid',609,'',0),(631,175,106,'2023-01-18 03:17:27','2023-01-28 03:17:27','Maxime.','Placeat.','09212314594','0018914373',10,4000000,1674024447,'paid',610,'',0),(632,175,108,'2023-01-22 03:17:28','2023-01-28 03:17:28','Id.','Voluptas.','09212385938','0018914373',5,4000000,1674370048,'paid',611,'',0),(633,175,116,'2023-01-19 03:17:28','2023-01-28 03:17:28','Eos fugit.','Officia.','09212384961','0018914373',3,4000000,1674110848,'paid',612,'',0),(634,175,76,'2023-01-20 03:17:29','2023-01-28 03:17:29','Ipsa qui.','Illum quo.','09212380244','0018914373',3,4000000,1674197249,'paid',613,'',0),(635,175,40,'2023-01-19 03:17:29','2023-01-28 03:17:29','Eos.','Vel saepe.','09212346947','0018914373',4,4000000,1674110849,'paid',614,'',0),(636,175,4,'2023-01-21 03:17:29','2023-01-28 03:17:29','Fugiat.','Et.','09212394722','0018914373',7,4000000,1674283649,'paid',615,'',0),(637,175,73,'2023-01-24 03:17:30','2023-01-28 03:17:30','Porro non.','Quasi.','09212383728','0018914373',7,4000000,1674542850,'paid',616,'',0),(638,175,7,'2023-01-18 03:17:30','2023-01-28 03:17:30','Sint ut.','Et dicta.','09212391331','0018914373',1,4000000,1674024450,'paid',617,'',0),(639,175,53,'2023-01-24 03:17:30','2023-01-28 03:17:30','Corrupti.','Minus.','09212378505','0018914373',6,4000000,1674542850,'paid',618,'',0),(640,175,59,'2023-01-22 03:17:31','2023-01-28 03:17:31','Aut.','Nostrum.','09212378083','0018914373',6,4000000,1674370051,'paid',619,'',0),(641,175,69,'2023-01-22 03:17:31','2023-01-28 03:17:31','Culpa.','Sed.','09212365854','0018914373',2,4000000,1674370051,'paid',620,'',0),(642,175,20,'2023-01-18 03:17:31','2023-01-28 03:17:31','Molestiae.','Tempora.','09212313271','0018914373',9,4000000,1674024451,'paid',621,'',0),(643,175,10,'2023-01-20 03:17:32','2023-01-28 03:17:32','Voluptate.','Facilis.','09212345805','0018914373',1,4000000,1674197252,'paid',622,'',0),(644,175,91,'2023-01-22 03:17:32','2023-01-28 03:17:32','Assumenda.','Qui rem.','09212380702','0018914373',9,4000000,1674370052,'paid',623,'',0),(645,175,73,'2023-01-20 03:17:32','2023-01-28 03:17:32','Nostrum.','Inventore.','09212330121','0018914373',5,4000000,1674197252,'paid',624,'',0),(646,176,96,'2023-01-25 03:17:32','2023-01-28 03:17:32','Provident.','Excepturi.','09212384952','0018914373',5,4000000,1674629252,'paid',625,'',0),(647,176,43,'2023-01-19 03:17:33','2023-01-28 03:17:33','Id facere.','Dolorem.','09212323102','0018914373',9,4000000,1674110853,'paid',626,'',0),(648,176,115,'2023-01-24 03:17:33','2023-01-28 03:17:33','Totam.','Molestias.','09212362831','0018914373',9,4000000,1674542853,'paid',627,'',0),(649,176,111,'2023-01-18 03:17:33','2023-01-28 03:17:33','Sed.','Quo omnis.','09212347753','0018914373',2,4000000,1674024453,'paid',628,'',0),(650,176,24,'2023-01-25 03:17:33','2023-01-28 03:17:33','Error.','Iste.','09212379780','0018914373',5,4000000,1674629253,'paid',629,'',0),(651,176,79,'2023-01-25 03:17:34','2023-01-28 03:17:34','Veniam.','Numquam.','09212372133','0018914373',9,4000000,1674629254,'paid',630,'',0),(652,176,108,'2023-01-19 03:17:34','2023-01-28 03:17:34','Ut.','Quia eos.','09212350560','0018914373',1,4000000,1674110854,'paid',631,'',0),(653,176,99,'2023-01-18 03:17:34','2023-01-28 03:17:34','Expedita.','Corrupti.','09212330631','0018914373',7,4000000,1674024454,'paid',632,'',0),(654,176,115,'2023-01-25 03:17:35','2023-01-28 03:17:35','Est magni.','Officiis.','09212348913','0018914373',2,4000000,1674629255,'paid',633,'',0),(655,176,104,'2023-01-18 03:17:35','2023-01-28 03:17:35','Laborum.','Quia et.','09212389695','0018914373',2,4000000,1674024455,'paid',634,'',0),(656,176,24,'2023-01-18 03:17:35','2023-01-28 03:17:35','Quis.','Sed.','09212329541','0018914373',1,4000000,1674024455,'paid',635,'',0),(657,177,47,'2023-01-23 03:17:36','2023-01-28 03:17:36','Aperiam.','Non et.','09212350711','0018914373',9,4000000,1674456456,'paid',636,'',0),(658,177,104,'2023-01-21 03:17:36','2023-01-28 03:17:36','Fugiat.','Rerum et.','09212381889','0018914373',9,4000000,1674283656,'paid',637,'',0),(659,177,42,'2023-01-23 03:17:36','2023-01-28 03:17:36','Corrupti.','Quia.','09212371854','0018914373',6,4000000,1674456456,'paid',638,'',0),(660,177,120,'2023-01-20 03:17:37','2023-01-28 03:17:37','Qui vero.','Tenetur.','09212362325','0018914373',1,4000000,1674197257,'paid',639,'',0),(661,177,72,'2023-01-23 03:17:37','2023-01-28 03:17:37','Voluptas.','Doloribus.','09212327781','0018914373',10,4000000,1674456457,'paid',640,'',0),(662,177,49,'2023-01-24 03:17:37','2023-01-28 03:17:37','Iste nemo.','Rerum.','09212333505','0018914373',4,4000000,1674542857,'paid',641,'',0),(663,177,76,'2023-01-24 03:17:37','2023-01-28 03:17:37','Incidunt.','Aliquam.','09212390495','0018914373',10,4000000,1674542857,'paid',642,'',0),(664,177,68,'2023-01-20 03:17:38','2023-01-28 03:17:38','Laborum.','Qui et.','09212372111','0018914373',2,4000000,1674197258,'paid',643,'',0),(665,177,14,'2023-01-21 03:17:38','2023-01-28 03:17:38','Alias.','Dolorum.','09212375919','0018914373',4,4000000,1674283658,'paid',644,'',0),(666,177,103,'2023-01-23 03:17:38','2023-01-28 03:17:38','Ipsam.','Rem omnis.','09212346735','0018914373',10,4000000,1674456458,'paid',645,'',0),(667,177,24,'2023-01-21 03:17:39','2023-01-28 03:17:39','Neque.','Quis.','09212368353','0018914373',1,4000000,1674283659,'paid',646,'',0),(668,177,112,'2023-01-22 03:17:39','2023-01-28 03:17:39','Corporis.','Velit.','09212371952','0018914373',3,4000000,1674370059,'paid',647,'',0),(669,177,30,'2023-01-23 03:17:39','2023-01-28 03:17:39','Sint sit.','Voluptate.','09212374230','0018914373',8,4000000,1674456459,'paid',648,'',0),(670,177,120,'2023-01-20 03:17:40','2023-01-28 03:17:40','Fugiat.','Fugit qui.','09212372236','0018914373',6,4000000,1674197260,'paid',649,'',0),(671,177,52,'2023-01-19 03:17:40','2023-01-28 03:17:40','Quis.','Aliquam.','09212355932','0018914373',10,4000000,1674110860,'paid',650,'',0),(672,177,24,'2023-01-21 03:17:40','2023-01-28 03:17:40','Minima.','Est.','09212390954','0018914373',7,4000000,1674283660,'paid',651,'',0),(673,177,6,'2023-01-19 03:17:41','2023-01-28 03:17:41','Nemo.','Autem.','09212388617','0018914373',3,4000000,1674110861,'paid',652,'',0),(674,177,75,'2023-01-20 03:17:41','2023-01-28 03:17:41','Inventore.','Sunt.','09212372114','0018914373',6,4000000,1674197261,'paid',653,'',0),(675,177,9,'2023-01-21 03:17:41','2023-01-28 03:17:41','Provident.','Iusto nam.','09212377258','0018914373',8,4000000,1674283661,'paid',654,'',0),(676,177,88,'2023-01-18 03:17:42','2023-01-28 03:17:42','Aperiam.','Deleniti.','09212370530','0018914373',10,4000000,1674024462,'paid',655,'',0),(677,177,60,'2023-01-21 03:17:42','2023-01-28 03:17:42','Beatae.','Omnis.','09212350304','0018914373',6,4000000,1674283662,'paid',656,'',0),(678,177,76,'2023-01-22 03:17:42','2023-01-28 03:17:42','Ipsa.','Alias.','09212332667','0018914373',5,4000000,1674370062,'paid',657,'',0),(679,177,43,'2023-01-25 03:17:42','2023-01-28 03:17:42','Ea.','Vitae et.','09212344559','0018914373',9,4000000,1674629262,'paid',658,'',0),(680,177,50,'2023-01-20 03:17:43','2023-01-28 03:17:43','Velit.','Ut et vel.','09212364337','0018914373',1,4000000,1674197263,'paid',659,'',0),(681,177,39,'2023-01-19 03:17:43','2023-01-28 03:17:43','Esse.','Qui.','09212382651','0018914373',1,4000000,1674110863,'paid',660,'',0),(682,177,25,'2023-01-20 03:17:43','2023-01-28 03:17:43','Veniam.','Tempora.','09212381065','0018914373',7,4000000,1674197263,'paid',661,'',0),(683,177,82,'2023-01-25 03:17:44','2023-01-28 03:17:44','Adipisci.','Est.','09212355854','0018914373',7,4000000,1674629264,'paid',662,'',0),(684,178,55,'2023-01-25 03:17:44','2023-01-28 03:17:44','Non velit.','Maiores.','09212396385','0018914373',8,4000000,1674629264,'paid',663,'',0),(685,178,73,'2023-01-25 03:17:44','2023-01-28 03:17:44','Aliquid.','Et animi.','09212397876','0018914373',2,4000000,1674629264,'paid',664,'',0),(686,178,77,'2023-01-18 03:17:45','2023-01-28 03:17:45','Impedit.','Non.','09212349601','0018914373',6,4000000,1674024465,'paid',665,'',0),(687,178,95,'2023-01-25 03:17:45','2023-01-28 03:17:45','Ut.','Enim quae.','09212388514','0018914373',2,4000000,1674629265,'paid',666,'',0),(688,178,22,'2023-01-19 03:17:45','2023-01-28 03:17:45','Vero.','Aut autem.','09212337374','0018914373',7,4000000,1674110865,'paid',667,'',0),(689,178,29,'2023-01-25 03:17:46','2023-01-28 03:17:46','Eos quo.','Quis.','09212363517','0018914373',9,4000000,1674629266,'paid',668,'',0),(690,178,96,'2023-01-24 03:17:46','2023-01-28 03:17:46','Quia.','Vel magni.','09212341255','0018914373',5,4000000,1674542866,'paid',669,'',0),(691,178,35,'2023-01-20 03:17:47','2023-01-28 03:17:47','Nobis.','Non quo.','09212324746','0018914373',5,4000000,1674197267,'paid',670,'',0),(692,178,119,'2023-01-25 03:17:47','2023-01-28 03:17:47','Voluptas.','Aliquid.','09212314152','0018914373',1,4000000,1674629267,'paid',671,'',0),(693,178,110,'2023-01-21 03:17:47','2023-01-28 03:17:47','Sunt quis.','Hic.','09212316722','0018914373',9,4000000,1674283667,'paid',672,'',0),(694,178,111,'2023-01-22 03:17:48','2023-01-28 03:17:48','Ea enim.','Provident.','09212318598','0018914373',4,4000000,1674370068,'paid',673,'',0),(695,178,39,'2023-01-22 03:17:48','2023-01-28 03:17:48','Velit.','Qui vero.','09212375300','0018914373',7,4000000,1674370068,'paid',674,'',0),(696,178,42,'2023-01-19 03:17:48','2023-01-28 03:17:48','Ea nobis.','Repellat.','09212316881','0018914373',8,4000000,1674110868,'paid',675,'',0),(697,178,35,'2023-01-24 03:17:48','2023-01-28 03:17:48','Et.','Assumenda.','09212313265','0018914373',10,4000000,1674542868,'paid',676,'',0),(698,178,53,'2023-01-18 03:17:49','2023-01-28 03:17:49','Id ipsam.','Molestiae.','09212342960','0018914373',4,4000000,1674024469,'paid',677,'',0),(699,178,19,'2023-01-23 03:17:49','2023-01-28 03:17:49','Eos.','Maiores.','09212394298','0018914373',8,4000000,1674456469,'paid',678,'',0),(700,178,42,'2023-01-19 03:17:49','2023-01-28 03:17:49','Veritatis.','Minima.','09212355142','0018914373',8,4000000,1674110869,'paid',679,'',0),(701,178,91,'2023-01-23 03:17:50','2023-01-28 03:17:50','Libero.','Et culpa.','09212327927','0018914373',1,4000000,1674456470,'paid',680,'',0),(702,178,109,'2023-01-20 03:17:50','2023-01-28 03:17:50','Officia.','Vero aut.','09212335458','0018914373',1,4000000,1674197270,'paid',681,'',0),(703,178,25,'2023-01-18 03:17:50','2023-01-28 03:17:50','Esse.','Debitis.','09212389317','0018914373',6,4000000,1674024470,'paid',682,'',0),(704,178,75,'2023-01-24 03:17:51','2023-01-28 03:17:51','Ipsam.','Corporis.','09212380906','0018914373',1,4000000,1674542871,'paid',683,'',0),(705,178,91,'2023-01-24 03:17:51','2023-01-28 03:17:51','Fugiat.','Officiis.','09212322861','0018914373',6,4000000,1674542871,'paid',684,'',0),(706,178,104,'2023-01-24 03:17:51','2023-01-28 03:17:51','Itaque.','Hic.','09212330392','0018914373',4,4000000,1674542871,'paid',685,'',0),(707,178,101,'2023-01-23 03:17:52','2023-01-28 03:17:52','Ut optio.','Aut.','09212357259','0018914373',3,4000000,1674456472,'paid',686,'',0),(708,178,50,'2023-01-24 03:17:52','2023-01-28 03:17:52','Et.','Soluta id.','09212326277','0018914373',9,4000000,1674542872,'paid',687,'',0),(709,178,112,'2023-01-18 03:17:52','2023-01-28 03:17:52','Qui.','Incidunt.','09212386479','0018914373',3,4000000,1674024472,'paid',688,'',0),(710,179,75,'2023-01-24 03:17:53','2023-01-28 03:17:53','Quo.','Impedit.','09212373235','0018914373',8,4000000,1674542873,'paid',689,'',0),(711,179,120,'2023-01-20 03:17:53','2023-01-28 03:17:53','Odit aut.','Corrupti.','09212329444','0018914373',5,4000000,1674197273,'paid',690,'',0),(712,179,120,'2023-01-21 03:17:53','2023-01-28 03:17:53','Sint.','Ut cumque.','09212356766','0018914373',2,4000000,1674283673,'paid',691,'',0),(713,179,94,'2023-01-23 03:17:54','2023-01-28 03:17:54','Ut.','Dolores.','09212378595','0018914373',2,4000000,1674456474,'paid',692,'',0),(714,179,16,'2023-01-19 03:17:54','2023-01-28 03:17:54','Ab ad.','Eaque.','09212378690','0018914373',4,4000000,1674110874,'paid',693,'',0),(715,179,70,'2023-01-22 03:17:54','2023-01-28 03:17:54','Modi est.','Tenetur.','09212396590','0018914373',10,4000000,1674370074,'paid',694,'',0),(716,179,82,'2023-01-19 03:17:55','2023-01-28 03:17:55','Ea aut.','Omnis.','09212370013','0018914373',5,4000000,1674110875,'paid',695,'',0),(717,179,81,'2023-01-19 03:17:55','2023-01-28 03:17:55','Maiores.','Eius in.','09212337047','0018914373',1,4000000,1674110875,'paid',696,'',0),(718,179,24,'2023-01-24 03:17:55','2023-01-28 03:17:55','Nihil.','Fuga ut.','09212326859','0018914373',10,4000000,1674542875,'paid',697,'',0),(719,179,13,'2023-01-21 03:17:56','2023-01-28 03:17:56','Et autem.','Deleniti.','09212395400','0018914373',8,4000000,1674283676,'paid',698,'',0),(720,179,36,'2023-01-25 03:17:56','2023-01-28 03:17:56','Delectus.','Quos esse.','09212378592','0018914373',8,4000000,1674629276,'paid',699,'',0),(721,179,9,'2023-01-24 03:17:57','2023-01-28 03:17:57','In.','Totam.','09212318271','0018914373',10,4000000,1674542877,'paid',700,'',0),(722,179,11,'2023-01-18 03:17:57','2023-01-28 03:17:57','Id.','Ut.','09212325144','0018914373',8,4000000,1674024477,'paid',701,'',0),(723,179,26,'2023-01-20 03:17:58','2023-01-28 03:17:58','Voluptas.','Eos.','09212362575','0018914373',8,4000000,1674197278,'paid',702,'',0),(724,179,55,'2023-01-21 03:17:58','2023-01-28 03:17:58','Enim.','Quod aut.','09212344064','0018914373',7,4000000,1674283678,'paid',703,'',0),(725,179,98,'2023-01-22 03:17:58','2023-01-28 03:17:58','Dolorum.','Deserunt.','09212311902','0018914373',2,4000000,1674370078,'paid',704,'',0),(726,179,28,'2023-01-21 03:17:58','2023-01-28 03:17:58','Atque.','Excepturi.','09212355844','0018914373',1,4000000,1674283678,'paid',705,'',0),(727,179,26,'2023-01-20 03:17:59','2023-01-28 03:17:59','Sed.','Id dolor.','09212329642','0018914373',4,4000000,1674197279,'paid',706,'',0),(728,179,56,'2023-01-18 03:17:59','2023-01-28 03:17:59','In itaque.','Omnis.','09212333367','0018914373',2,4000000,1674024479,'paid',707,'',0),(729,179,104,'2023-01-23 03:17:59','2023-01-28 03:17:59','Sed sunt.','Optio aut.','09212321381','0018914373',3,4000000,1674456479,'paid',708,'',0),(730,179,64,'2023-01-23 03:18:00','2023-01-28 03:18:00','Magnam.','Minima.','09212355700','0018914373',9,4000000,1674456480,'paid',709,'',0),(731,179,42,'2023-01-21 03:18:00','2023-01-28 03:18:00','Qui aut.','Aliquid.','09212374930','0018914373',9,4000000,1674283680,'paid',710,'',0),(732,179,69,'2023-01-22 03:18:00','2023-01-28 03:18:00','Similique.','Ut sequi.','09212331684','0018914373',10,4000000,1674370080,'paid',711,'',0),(733,179,48,'2023-01-23 03:18:01','2023-01-28 03:18:01','Deserunt.','Est harum.','09212336902','0018914373',3,4000000,1674456481,'paid',712,'',0),(734,179,75,'2023-01-24 03:18:01','2023-01-28 03:18:01','Ad qui.','Officia.','09212380814','0018914373',10,4000000,1674542881,'paid',713,'',0),(735,179,11,'2023-01-22 03:18:01','2023-01-28 03:18:01','Error.','Et.','09212321236','0018914373',10,4000000,1674370081,'paid',714,'',0),(736,179,55,'2023-01-20 03:18:01','2023-01-28 03:18:01','Quaerat.','Qui et.','09212346836','0018914373',6,4000000,1674197281,'paid',715,'',0),(737,179,15,'2023-01-25 03:18:02','2023-01-28 03:18:02','Nemo.','Itaque.','09212358801','0018914373',5,4000000,1674629282,'paid',716,'',0),(738,179,102,'2023-01-19 03:18:02','2023-01-28 03:18:02','Libero.','Cum.','09212382917','0018914373',4,4000000,1674110882,'paid',717,'',0),(739,179,51,'2023-01-20 03:18:02','2023-01-28 03:18:02','Ea.','Ducimus.','09212344314','0018914373',6,4000000,1674197282,'paid',718,'',0),(740,179,75,'2023-01-21 03:18:03','2023-01-28 03:18:03','Possimus.','Et.','09212335262','0018914373',1,4000000,1674283683,'paid',719,'',0),(741,179,38,'2023-01-25 03:18:03','2023-01-28 03:18:03','Molestias.','Dolore.','09212361296','0018914373',9,4000000,1674629283,'paid',720,'',0),(742,179,7,'2023-01-18 03:18:03','2023-01-28 03:18:03','Natus.','Qui id.','09212377610','0018914373',6,4000000,1674024483,'paid',721,'',0),(743,179,110,'2023-01-24 03:18:04','2023-01-28 03:18:04','Commodi.','Eius at.','09212368076','0018914373',7,4000000,1674542884,'paid',722,'',0),(744,179,50,'2023-01-23 03:18:04','2023-01-28 03:18:04','Unde qui.','Quisquam.','09212328425','0018914373',8,4000000,1674456484,'paid',723,'',0),(745,179,16,'2023-01-18 03:18:04','2023-01-28 03:18:04','Est sunt.','Enim.','09212313555','0018914373',4,4000000,1674024484,'paid',724,'',0),(746,179,105,'2023-01-22 03:18:04','2023-01-28 03:18:04','Dolores.','Dolorum.','09212323800','0018914373',3,4000000,1674370084,'paid',725,'',0),(747,179,30,'2023-01-25 03:18:05','2023-01-28 03:18:05','Eaque.','Ipsa.','09212349177','0018914373',1,4000000,1674629285,'paid',726,'',0),(748,179,81,'2023-01-19 03:18:05','2023-01-28 03:18:05','Dolor.','Et sunt.','09212314683','0018914373',3,4000000,1674110885,'paid',727,'',0),(749,179,65,'2023-01-18 03:18:05','2023-01-28 03:18:05','Repellat.','Quis.','09212391709','0018914373',5,4000000,1674024485,'paid',728,'',0),(750,179,6,'2023-01-19 03:18:06','2023-01-28 03:18:06','Fugit.','Aliquid.','09212352845','0018914373',3,4000000,1674110886,'paid',729,'',0),(751,179,18,'2023-01-22 03:18:06','2023-01-28 03:18:06','Rem omnis.','Iusto.','09212329136','0018914373',4,4000000,1674370086,'paid',730,'',0),(752,179,98,'2023-01-21 03:18:06','2023-01-28 03:18:06','Sit sunt.','Quas.','09212384976','0018914373',4,4000000,1674283686,'paid',731,'',0),(753,179,79,'2023-01-23 03:18:06','2023-01-28 03:18:06','Suscipit.','Qui rerum.','09212330916','0018914373',7,4000000,1674456486,'paid',732,'',0),(754,179,40,'2023-01-20 03:18:07','2023-01-28 03:18:07','Voluptas.','Minus id.','09212391049','0018914373',1,4000000,1674197287,'paid',733,'',0),(755,180,4,'2023-01-19 03:18:07','2023-01-28 03:18:07','Molestias.','Vitae sed.','09212348108','0018914373',1,4000000,1674110887,'paid',734,'',0),(756,180,45,'2023-01-22 03:18:07','2023-01-28 03:18:07','Eos.','Tempore.','09212323820','0018914373',1,4000000,1674370087,'paid',735,'',0),(757,180,38,'2023-01-24 03:18:08','2023-01-28 03:18:08','Rem.','Quis.','09212325629','0018914373',8,4000000,1674542888,'paid',736,'',0),(758,180,19,'2023-01-21 03:18:08','2023-01-28 03:18:08','Quo harum.','Ut autem.','09212353538','0018914373',2,4000000,1674283688,'paid',737,'',0),(759,180,12,'2023-01-19 03:18:08','2023-01-28 03:18:08','Sunt quia.','Modi modi.','09212312502','0018914373',4,4000000,1674110888,'paid',738,'',0),(760,180,90,'2023-01-19 03:18:08','2023-01-28 03:18:08','Provident.','Facilis.','09212396626','0018914373',3,4000000,1674110888,'paid',739,'',0),(761,180,73,'2023-01-18 03:18:09','2023-01-28 03:18:09','Aut sit.','Harum.','09212345733','0018914373',6,4000000,1674024489,'paid',740,'',0),(762,180,87,'2023-01-20 03:18:09','2023-01-28 03:18:09','Non velit.','Sint id.','09212368334','0018914373',9,4000000,1674197289,'paid',741,'',0),(763,180,15,'2023-01-20 03:18:09','2023-01-28 03:18:09','Numquam.','Et magnam.','09212317458','0018914373',4,4000000,1674197289,'paid',742,'',0),(764,180,106,'2023-01-25 03:18:09','2023-01-28 03:18:09','Qui.','Sunt enim.','09212343886','0018914373',1,4000000,1674629289,'paid',743,'',0),(765,180,44,'2023-01-25 03:18:10','2023-01-28 03:18:10','Laborum.','Eos.','09212317128','0018914373',10,4000000,1674629290,'paid',744,'',0),(766,180,16,'2023-01-18 03:18:10','2023-01-28 03:18:10','Vel at.','Earum.','09212385281','0018914373',9,4000000,1674024490,'paid',745,'',0),(767,180,114,'2023-01-23 03:18:11','2023-01-28 03:18:11','Nemo sed.','Maiores.','09212372553','0018914373',5,4000000,1674456491,'paid',746,'',0),(768,180,92,'2023-01-24 03:18:11','2023-01-28 03:18:11','Similique.','Nulla et.','09212350701','0018914373',5,4000000,1674542891,'paid',747,'',0),(769,180,37,'2023-01-22 03:18:11','2023-01-28 03:18:11','Sed nemo.','Libero.','09212323118','0018914373',8,4000000,1674370091,'paid',748,'',0),(770,180,97,'2023-01-24 03:18:11','2023-01-28 03:18:11','Laborum.','Itaque.','09212378097','0018914373',1,4000000,1674542891,'paid',749,'',0),(771,180,117,'2023-01-18 03:18:12','2023-01-28 03:18:12','Rerum.','Odit ut.','09212399975','0018914373',3,4000000,1674024492,'paid',750,'',0),(772,180,3,'2023-01-18 03:18:12','2023-01-28 03:18:12','Molestias.','Odio.','09212392606','0018914373',9,4000000,1674024492,'paid',751,'',0),(773,180,57,'2023-01-24 03:18:12','2023-01-28 03:18:12','Officia.','Nulla.','09212319471','0018914373',4,4000000,1674542892,'paid',752,'',0),(774,180,60,'2023-01-25 03:18:13','2023-01-28 03:18:13','Quaerat.','Ab.','09212377708','0018914373',1,4000000,1674629293,'paid',753,'',0),(775,180,90,'2023-01-25 03:18:13','2023-01-28 03:18:13','In et.','Autem ut.','09212319108','0018914373',7,4000000,1674629293,'paid',754,'',0),(776,180,118,'2023-01-18 03:18:13','2023-01-28 03:18:13','Dolores.','Voluptas.','09212353428','0018914373',6,4000000,1674024493,'paid',755,'',0),(777,180,52,'2023-01-24 03:18:14','2023-01-28 03:18:14','Eaque.','Nobis.','09212344419','0018914373',4,4000000,1674542894,'paid',756,'',0),(778,180,36,'2023-01-22 03:18:14','2023-01-28 03:18:14','Debitis.','Illo.','09212360853','0018914373',10,4000000,1674370094,'paid',757,'',0),(779,180,70,'2023-01-25 03:18:15','2023-01-28 03:18:15','Cum aut.','Vero.','09212333510','0018914373',6,4000000,1674629295,'paid',758,'',0),(780,180,107,'2023-01-21 03:18:15','2023-01-28 03:18:15','Laborum.','Eaque hic.','09212323093','0018914373',7,4000000,1674283695,'paid',759,'',0),(781,180,103,'2023-01-19 03:18:15','2023-01-28 03:18:15','Sed optio.','Aut rerum.','09212372879','0018914373',4,4000000,1674110895,'paid',760,'',0),(782,180,103,'2023-01-18 03:18:15','2023-01-28 03:18:15','Nostrum.','Sint et.','09212330358','0018914373',10,4000000,1674024495,'paid',761,'',0),(783,186,18,'2023-01-24 03:18:16','2023-01-28 03:18:16','Quasi.','Ea cumque.','09212394825','0018914373',6,4000000,1674542896,'paid',762,'',0),(784,186,97,'2023-01-23 03:18:16','2023-01-28 03:18:16','Tenetur.','Omnis.','09212392302','0018914373',3,4000000,1674456496,'paid',763,'',0),(785,186,82,'2023-01-20 03:18:16','2023-01-28 03:18:16','Modi.','Incidunt.','09212391162','0018914373',9,4000000,1674197296,'paid',764,'',0),(786,186,11,'2023-01-25 03:18:17','2023-01-28 03:18:17','Suscipit.','Accusamus.','09212379961','0018914373',2,4000000,1674629297,'paid',765,'',0),(787,186,23,'2023-01-18 03:18:17','2023-01-28 03:18:17','Tempore.','Nisi.','09212351043','0018914373',8,4000000,1674024497,'paid',766,'',0),(788,186,113,'2023-01-19 03:18:18','2023-01-28 03:18:18','Eos ipsum.','A sed.','09212359620','0018914373',7,4000000,1674110898,'paid',767,'',0),(789,186,93,'2023-01-20 03:18:18','2023-01-28 03:18:18','Cumque.','Iusto cum.','09212318187','0018914373',2,4000000,1674197298,'paid',768,'',0),(790,186,90,'2023-01-21 03:18:18','2023-01-28 03:18:18','Ex quia.','Provident.','09212368848','0018914373',10,4000000,1674283698,'paid',769,'',0),(791,186,51,'2023-01-24 03:18:18','2023-01-28 03:18:19','Qui.','Quos.','09212316613','0018914373',7,4000000,1674542898,'paid',770,'',0),(792,186,113,'2023-01-23 03:18:19','2023-01-28 03:18:19','Incidunt.','Sapiente.','09212382657','0018914373',9,4000000,1674456499,'paid',771,'',0),(793,186,20,'2023-01-22 03:18:19','2023-01-28 03:18:19','Minima.','Quas.','09212339818','0018914373',3,4000000,1674370099,'paid',772,'',0),(794,186,28,'2023-01-25 03:18:19','2023-01-28 03:18:19','Officia.','Quidem.','09212397952','0018914373',10,4000000,1674629299,'paid',773,'',0),(795,186,101,'2023-01-19 03:18:20','2023-01-28 03:18:20','Et.','Ipsa est.','09212393064','0018914373',9,4000000,1674110900,'paid',774,'',0),(796,186,97,'2023-01-23 03:18:20','2023-01-28 03:18:20','Est.','Dolores.','09212312011','0018914373',5,4000000,1674456500,'paid',775,'',0),(797,186,57,'2023-01-24 03:18:20','2023-01-28 03:18:20','Quia.','Ut sequi.','09212382077','0018914373',9,4000000,1674542900,'paid',776,'',0),(798,186,48,'2023-01-24 03:18:21','2023-01-28 03:18:21','Ut.','Ipsam ab.','09212371767','0018914373',9,4000000,1674542901,'paid',777,'',0),(799,186,98,'2023-01-24 03:18:21','2023-01-28 03:18:21','Repellat.','Sed.','09212333991','0018914373',4,4000000,1674542901,'paid',778,'',0),(800,186,101,'2023-01-25 03:18:21','2023-01-28 03:18:21','Qui nemo.','Eligendi.','09212345786','0018914373',6,4000000,1674629301,'paid',779,'',0),(801,187,16,'2023-01-22 03:18:22','2023-01-28 03:18:22','Quibusdam.','Officia.','09212314546','0018914373',1,4000000,1674370102,'paid',780,'',0),(802,187,72,'2023-01-18 03:18:22','2023-01-28 03:18:22','Earum.','Beatae.','09212397180','0018914373',2,4000000,1674024502,'paid',781,'',0),(803,187,56,'2023-01-18 03:18:22','2023-01-28 03:18:22','Et ab.','Ut.','09212331214','0018914373',10,4000000,1674024502,'paid',782,'',0),(804,187,108,'2023-01-24 03:18:23','2023-01-28 03:18:23','Quia at.','Fuga.','09212347709','0018914373',4,4000000,1674542903,'paid',783,'',0),(805,187,53,'2023-01-25 03:18:23','2023-01-28 03:18:23','Et quo.','Id.','09212326270','0018914373',10,4000000,1674629303,'paid',784,'',0),(806,187,99,'2023-01-23 03:18:23','2023-01-28 03:18:23','Sed aut.','Eos.','09212367910','0018914373',5,4000000,1674456503,'paid',785,'',0),(807,187,43,'2023-01-24 03:18:23','2023-01-28 03:18:23','Enim.','Et.','09212316120','0018914373',3,4000000,1674542903,'paid',786,'',0),(808,187,11,'2023-01-22 03:18:24','2023-01-28 03:18:24','Debitis a.','Ab.','09212398550','0018914373',9,4000000,1674370104,'paid',787,'',0),(809,187,61,'2023-01-18 03:18:24','2023-01-28 03:18:24','Molestias.','Odio.','09212340203','0018914373',2,4000000,1674024504,'paid',788,'',0),(810,187,68,'2023-01-24 03:18:24','2023-01-28 03:18:24','Officiis.','Est nisi.','09212317742','0018914373',9,4000000,1674542904,'paid',789,'',0),(811,187,88,'2023-01-20 03:18:25','2023-01-28 03:18:25','Non qui.','Modi.','09212330058','0018914373',1,4000000,1674197305,'paid',790,'',0),(812,187,52,'2023-01-18 03:18:25','2023-01-28 03:18:25','Nobis sed.','Est sit.','09212339345','0018914373',4,4000000,1674024505,'paid',791,'',0),(813,187,38,'2023-01-24 03:18:25','2023-01-28 03:18:25','Alias ex.','Molestias.','09212386334','0018914373',8,4000000,1674542905,'paid',792,'',0),(814,187,18,'2023-01-25 03:18:26','2023-01-28 03:18:26','Quia id.','Tempora.','09212323615','0018914373',3,4000000,1674629306,'paid',793,'',0),(815,187,75,'2023-01-22 03:18:26','2023-01-28 03:18:26','Delectus.','Voluptas.','09212395434','0018914373',5,4000000,1674370106,'paid',794,'',0),(816,187,7,'2023-01-20 03:18:26','2023-01-28 03:18:26','Sit in id.','Facilis.','09212395184','0018914373',2,4000000,1674197306,'paid',795,'',0),(817,187,11,'2023-01-19 03:18:27','2023-01-28 03:18:27','Iure.','Est error.','09212346693','0018914373',9,4000000,1674110907,'paid',796,'',0),(818,187,104,'2023-01-25 03:18:27','2023-01-28 03:18:27','Ut.','Minima.','09212373756','0018914373',3,4000000,1674629307,'paid',797,'',0),(819,188,82,'2023-01-20 03:18:27','2023-01-28 03:18:27','Qui aut a.','Sit a.','09212378240','0018914373',3,4000000,1674197307,'paid',798,'',0),(820,188,76,'2023-01-22 03:18:28','2023-01-28 03:18:28','Aut.','Non vel.','09212338597','0018914373',8,4000000,1674370108,'paid',799,'',0),(821,188,21,'2023-01-21 03:18:28','2023-01-28 03:18:28','Beatae.','Quo dolor.','09212313876','0018914373',5,4000000,1674283708,'paid',800,'',0),(822,188,100,'2023-01-23 03:18:28','2023-01-28 03:18:28','Veniam.','Occaecati.','09212326475','0018914373',10,4000000,1674456508,'paid',801,'',0),(823,188,120,'2023-01-21 03:18:29','2023-01-28 03:18:29','Iure aut.','Dolorum.','09212376686','0018914373',6,4000000,1674283709,'paid',802,'',0),(824,188,12,'2023-01-23 03:18:29','2023-01-28 03:18:29','Eos ut.','Hic qui.','09212368937','0018914373',8,4000000,1674456509,'paid',803,'',0),(825,188,17,'2023-01-18 03:18:29','2023-01-28 03:18:29','Incidunt.','Numquam.','09212397479','0018914373',10,4000000,1674024509,'paid',804,'',0),(826,188,44,'2023-01-18 03:18:30','2023-01-28 03:18:30','Quis et.','Quo.','09212348582','0018914373',5,4000000,1674024510,'paid',805,'',0),(827,188,54,'2023-01-23 03:18:30','2023-01-28 03:18:30','Dolores.','Nihil.','09212368056','0018914373',7,4000000,1674456510,'paid',806,'',0),(828,188,17,'2023-01-24 03:18:30','2023-01-28 03:18:30','Quaerat.','Rerum.','09212388047','0018914373',1,4000000,1674542910,'paid',807,'',0),(829,188,28,'2023-01-23 03:18:31','2023-01-28 03:18:31','In.','Ipsam.','09212373212','0018914373',5,4000000,1674456511,'paid',808,'',0),(830,188,34,'2023-01-21 03:18:31','2023-01-28 03:18:31','Est.','Voluptas.','09212393703','0018914373',5,4000000,1674283711,'paid',809,'',0),(831,188,99,'2023-01-24 03:18:31','2023-01-28 03:18:31','Velit in.','Iste qui.','09212399213','0018914373',9,4000000,1674542911,'paid',810,'',0),(832,188,49,'2023-01-18 03:18:32','2023-01-28 03:18:32','Dolor.','Id magnam.','09212349895','0018914373',6,4000000,1674024512,'paid',811,'',0),(833,188,112,'2023-01-21 03:18:32','2023-01-28 03:18:32','Ab enim.','Excepturi.','09212341119','0018914373',6,4000000,1674283712,'paid',812,'',0),(834,188,93,'2023-01-25 03:18:32','2023-01-28 03:18:32','Molestiae.','Quaerat.','09212338742','0018914373',7,4000000,1674629312,'paid',813,'',0),(835,188,48,'2023-01-21 03:18:32','2023-01-28 03:18:32','Et sit.','Eum dicta.','09212372042','0018914373',6,4000000,1674283712,'paid',814,'',0),(836,188,31,'2023-01-25 03:18:33','2023-01-28 03:18:33','Dolorum.','Similique.','09212325784','0018914373',2,4000000,1674629313,'paid',815,'',0),(837,188,119,'2023-01-25 03:18:33','2023-01-28 03:18:33','Ut.','Sequi.','09212351286','0018914373',2,4000000,1674629313,'paid',816,'',0),(838,188,24,'2023-01-23 03:18:33','2023-01-28 03:18:33','Eos nobis.','Quaerat.','09212334436','0018914373',10,4000000,1674456513,'paid',817,'',0),(839,188,70,'2023-01-23 03:18:34','2023-01-28 03:18:34','Eveniet.','Dolorem.','09212392265','0018914373',10,4000000,1674456514,'paid',818,'',0),(840,188,41,'2023-01-18 03:18:34','2023-01-28 03:18:34','Qui.','Eius iste.','09212348205','0018914373',3,4000000,1674024514,'paid',819,'',0),(841,188,108,'2023-01-20 03:18:35','2023-01-28 03:18:35','Voluptas.','Nam eum.','09212338463','0018914373',5,4000000,1674197315,'paid',820,'',0),(842,188,63,'2023-01-19 03:18:35','2023-01-28 03:18:35','Voluptas.','Nulla.','09212392448','0018914373',6,4000000,1674110915,'paid',821,'',0),(843,188,47,'2023-01-19 03:18:35','2023-01-28 03:18:35','Aut qui.','Quo.','09212388876','0018914373',4,4000000,1674110915,'paid',822,'',0),(844,188,119,'2023-01-22 03:18:36','2023-01-28 03:18:36','Occaecati.','Dolorem.','09212339910','0018914373',8,4000000,1674370116,'paid',823,'',0),(845,188,91,'2023-01-23 03:18:36','2023-01-28 03:18:36','Minima.','Impedit.','09212384552','0018914373',1,4000000,1674456516,'paid',824,'',0),(846,188,94,'2023-01-19 03:18:36','2023-01-28 03:18:36','Dolores.','Illum.','09212391125','0018914373',10,4000000,1674110916,'paid',825,'',0),(847,188,70,'2023-01-18 03:18:37','2023-01-28 03:18:37','Quo.','Fuga qui.','09212383880','0018914373',2,4000000,1674024517,'paid',826,'',0),(848,188,68,'2023-01-18 03:18:37','2023-01-28 03:18:37','Est totam.','Explicabo.','09212384816','0018914373',5,4000000,1674024517,'paid',827,'',0),(849,189,47,'2023-01-19 03:18:37','2023-01-28 03:18:37','Assumenda.','Dolorem.','09212335149','0018914373',10,4000000,1674110917,'paid',828,'',0),(850,189,89,'2023-01-20 03:18:38','2023-01-28 03:18:38','Vel aut.','Numquam.','09212352618','0018914373',5,4000000,1674197318,'paid',829,'',0),(851,189,10,'2023-01-18 03:18:38','2023-01-28 03:18:38','Odit modi.','Amet.','09212341924','0018914373',8,4000000,1674024518,'paid',830,'',0),(852,189,47,'2023-01-23 03:18:38','2023-01-28 03:18:38','Rerum.','Et.','09212390649','0018914373',10,4000000,1674456518,'paid',831,'',0),(853,189,16,'2023-01-21 03:18:39','2023-01-28 03:18:39','Dolor.','Aliquid.','09212379411','0018914373',7,4000000,1674283719,'paid',832,'',0),(854,189,111,'2023-01-23 03:18:39','2023-01-28 03:18:39','Sit.','Voluptas.','09212370827','0018914373',10,4000000,1674456519,'paid',833,'',0),(855,189,48,'2023-01-21 03:18:39','2023-01-28 03:18:39','Quidem.','Omnis.','09212351986','0018914373',4,4000000,1674283719,'paid',834,'',0),(856,189,37,'2023-01-22 03:18:39','2023-01-28 03:18:39','Sit quis.','Facere.','09212359328','0018914373',8,4000000,1674370119,'paid',835,'',0),(857,189,47,'2023-01-23 03:18:40','2023-01-28 03:18:40','Omnis.','Aut.','09212351587','0018914373',2,4000000,1674456520,'paid',836,'',0),(858,189,63,'2023-01-23 03:18:40','2023-01-28 03:18:40','Itaque.','Deserunt.','09212348207','0018914373',8,4000000,1674456520,'paid',837,'',0),(859,189,42,'2023-01-21 03:18:40','2023-01-28 03:18:40','Sed illo.','Dolorem.','09212328550','0018914373',5,4000000,1674283720,'paid',838,'',0),(860,189,101,'2023-01-22 03:18:41','2023-01-28 03:18:41','Placeat.','Neque eum.','09212367938','0018914373',3,4000000,1674370121,'paid',839,'',0),(861,189,114,'2023-01-23 03:18:41','2023-01-28 03:18:41','Velit.','Tempore.','09212364927','0018914373',10,4000000,1674456521,'paid',840,'',0),(862,189,105,'2023-01-20 03:18:41','2023-01-28 03:18:41','Et.','Velit.','09212353475','0018914373',1,4000000,1674197321,'paid',841,'',0),(863,189,40,'2023-01-20 03:18:42','2023-01-28 03:18:42','Nam qui.','Repellat.','09212337128','0018914373',3,4000000,1674197322,'paid',842,'',0),(864,189,26,'2023-01-23 03:18:42','2023-01-28 03:18:42','Animi.','Quis.','09212397675','0018914373',10,4000000,1674456522,'paid',843,'',0),(865,190,68,'2023-01-19 03:18:42','2023-01-28 03:18:42','Optio in.','Non eum.','09212346987','0018914373',8,4000000,1674110922,'paid',844,'',0),(866,190,29,'2023-01-23 03:18:43','2023-01-28 03:18:43','Non.','Quis.','09212394117','0018914373',9,4000000,1674456523,'paid',845,'',0),(867,190,58,'2023-01-18 03:18:43','2023-01-28 03:18:43','Qui neque.','Quisquam.','09212350023','0018914373',6,4000000,1674024523,'paid',846,'',0),(868,190,38,'2023-01-19 03:18:43','2023-01-28 03:18:43','Molestias.','Nostrum.','09212338989','0018914373',8,4000000,1674110923,'paid',847,'',0),(869,190,114,'2023-01-22 03:18:44','2023-01-28 03:18:44','Ullam.','Commodi.','09212393074','0018914373',4,4000000,1674370124,'paid',848,'',0),(870,190,26,'2023-01-25 03:18:44','2023-01-28 03:18:44','Delectus.','Et ipsam.','09212311640','0018914373',6,4000000,1674629324,'paid',849,'',0),(871,190,66,'2023-01-22 03:18:44','2023-01-28 03:18:44','Sed.','Dolorem.','09212370173','0018914373',1,4000000,1674370124,'paid',850,'',0),(872,190,89,'2023-01-24 03:18:45','2023-01-28 03:18:45','A.','Sunt.','09212367251','0018914373',1,4000000,1674542925,'paid',851,'',0),(873,190,73,'2023-01-19 03:18:45','2023-01-28 03:18:45','Iure.','Corrupti.','09212350419','0018914373',9,4000000,1674110925,'paid',852,'',0),(874,190,50,'2023-01-20 03:18:45','2023-01-28 03:18:45','Voluptate.','Deserunt.','09212320262','0018914373',2,4000000,1674197325,'paid',853,'',0),(875,190,102,'2023-01-18 03:18:45','2023-01-28 03:18:45','Suscipit.','Nisi.','09212328343','0018914373',10,4000000,1674024525,'paid',854,'',0),(876,190,90,'2023-01-22 03:18:46','2023-01-28 03:18:46','Quasi est.','Voluptas.','09212389177','0018914373',3,4000000,1674370126,'paid',855,'',0),(877,190,99,'2023-01-22 03:18:46','2023-01-28 03:18:46','Ab.','Maiores.','09212367009','0018914373',10,4000000,1674370126,'paid',856,'',0),(878,190,14,'2023-01-25 03:18:46','2023-01-28 03:18:46','Et id est.','Quasi.','09212336075','0018914373',8,4000000,1674629326,'paid',857,'',0),(879,190,36,'2023-01-18 03:18:47','2023-01-28 03:18:47','Ut.','Deleniti.','09212348673','0018914373',1,4000000,1674024527,'paid',858,'',0),(880,190,83,'2023-01-25 03:18:47','2023-01-28 03:18:47','Est illum.','Dolore ut.','09212333520','0018914373',3,4000000,1674629327,'paid',859,'',0),(881,190,16,'2023-01-20 03:18:47','2023-01-28 03:18:47','Autem.','Rem.','09212314532','0018914373',8,4000000,1674197327,'paid',860,'',0),(882,191,112,'2023-01-23 03:18:48','2023-01-28 03:18:48','Explicabo.','Sit et.','09212317987','0018914373',8,4000000,1674456528,'paid',861,'',0),(883,191,19,'2023-01-18 03:18:48','2023-01-28 03:18:48','Dicta est.','Quo.','09212350482','0018914373',3,4000000,1674024528,'paid',862,'',0),(884,191,44,'2023-01-19 03:18:48','2023-01-28 03:18:48','Natus.','Nobis eos.','09212389932','0018914373',6,4000000,1674110928,'paid',863,'',0),(885,191,23,'2023-01-18 03:18:48','2023-01-28 03:18:48','Ab sit.','Earum.','09212381000','0018914373',2,4000000,1674024528,'paid',864,'',0),(886,191,22,'2023-01-22 03:18:49','2023-01-28 03:18:49','Inventore.','Dolorem.','09212313825','0018914373',5,4000000,1674370129,'paid',865,'',0),(887,191,81,'2023-01-24 03:18:49','2023-01-28 03:18:49','Optio.','Eveniet.','09212317319','0018914373',2,4000000,1674542929,'paid',866,'',0),(888,191,56,'2023-01-22 03:18:49','2023-01-28 03:18:49','Enim.','Iure quia.','09212390793','0018914373',7,4000000,1674370129,'paid',867,'',0),(889,191,7,'2023-01-24 03:18:50','2023-01-28 03:18:50','Nesciunt.','Aut.','09212313360','0018914373',7,4000000,1674542930,'paid',868,'',0),(890,191,29,'2023-01-25 03:18:50','2023-01-28 03:18:50','Qui nihil.','Debitis.','09212347236','0018914373',7,4000000,1674629330,'paid',869,'',0),(891,191,28,'2023-01-18 03:18:50','2023-01-28 03:18:50','Totam.','Vitae.','09212311638','0018914373',9,4000000,1674024530,'paid',870,'',0),(892,191,86,'2023-01-21 03:18:50','2023-01-28 03:18:50','Veniam.','Explicabo.','09212371850','0018914373',8,4000000,1674283730,'paid',871,'',0),(893,191,100,'2023-01-22 03:18:51','2023-01-28 03:18:51','Sequi.','Omnis.','09212394773','0018914373',8,4000000,1674370131,'paid',872,'',0),(894,191,63,'2023-01-25 03:18:51','2023-01-28 03:18:51','Quas.','Alias.','09212360688','0018914373',3,4000000,1674629331,'paid',873,'',0),(895,191,91,'2023-01-24 03:18:51','2023-01-28 03:18:51','Assumenda.','Sit a.','09212323121','0018914373',8,4000000,1674542931,'paid',874,'',0),(896,191,101,'2023-01-24 03:18:52','2023-01-28 03:18:52','Impedit.','Aut velit.','09212328833','0018914373',1,4000000,1674542932,'paid',875,'',0),(897,191,27,'2023-01-19 03:18:52','2023-01-28 03:18:52','Voluptate.','Harum.','09212319204','0018914373',10,4000000,1674110932,'paid',876,'',0),(898,191,75,'2023-01-22 03:18:52','2023-01-28 03:18:52','Sint.','Veniam.','09212336742','0018914373',7,4000000,1674370132,'paid',877,'',0),(899,192,114,'2023-01-19 03:18:53','2023-01-28 03:18:53','Neque.','Libero.','09212369197','0018914373',2,4000000,1674110933,'paid',878,'',0),(900,192,27,'2023-01-25 03:18:53','2023-01-28 03:18:53','Velit.','Assumenda.','09212385512','0018914373',3,4000000,1674629333,'paid',879,'',0),(901,192,109,'2023-01-20 03:18:53','2023-01-28 03:18:53','Qui.','Sed.','09212350808','0018914373',4,4000000,1674197333,'paid',880,'',0),(902,192,13,'2023-01-21 03:18:54','2023-01-28 03:18:54','Qui.','Omnis ut.','09212382525','0018914373',7,4000000,1674283734,'paid',881,'',0),(903,192,120,'2023-01-18 03:18:54','2023-01-28 03:18:54','Ducimus.','Deserunt.','09212328779','0018914373',3,4000000,1674024534,'paid',882,'',0),(904,192,30,'2023-01-21 03:18:54','2023-01-28 03:18:54','Ullam.','Labore ea.','09212383365','0018914373',3,4000000,1674283734,'paid',883,'',0),(905,192,19,'2023-01-23 03:18:55','2023-01-28 03:18:55','Et quae.','Sit.','09212315410','0018914373',10,4000000,1674456535,'paid',884,'',0),(906,192,7,'2023-01-25 03:18:55','2023-01-28 03:18:55','Sint.','Est qui.','09212369325','0018914373',9,4000000,1674629335,'paid',885,'',0),(907,192,23,'2023-01-18 03:18:55','2023-01-28 03:18:55','Eos.','Quae.','09212350318','0018914373',7,4000000,1674024535,'paid',886,'',0),(908,192,22,'2023-01-18 03:18:56','2023-01-28 03:18:56','Illum.','Ea.','09212334932','0018914373',5,4000000,1674024536,'paid',887,'',0),(909,192,25,'2023-01-24 03:18:56','2023-01-28 03:18:56','Illo.','Natus.','09212379231','0018914373',6,4000000,1674542936,'paid',888,'',0),(910,192,97,'2023-01-20 03:18:56','2023-01-28 03:18:56','Quia a.','Accusamus.','09212351201','0018914373',3,4000000,1674197336,'paid',889,'',0),(911,192,7,'2023-01-21 03:18:57','2023-01-28 03:18:57','Sunt ea.','Inventore.','09212368151','0018914373',1,4000000,1674283737,'paid',890,'',0),(912,192,70,'2023-01-20 03:18:57','2023-01-28 03:18:57','Repellat.','Vitae.','09212349303','0018914373',7,4000000,1674197337,'paid',891,'',0),(913,192,86,'2023-01-21 03:18:57','2023-01-28 03:18:57','Enim aut.','Eligendi.','09212396622','0018914373',10,4000000,1674283737,'paid',892,'',0),(914,192,18,'2023-01-20 03:18:58','2023-01-28 03:18:58','Sunt sint.','Et nisi.','09212332954','0018914373',7,4000000,1674197338,'paid',893,'',0),(915,192,74,'2023-01-18 03:18:58','2023-01-28 03:18:58','Et saepe.','Est.','09212339672','0018914373',4,4000000,1674024538,'paid',894,'',0),(916,192,119,'2023-01-25 03:18:58','2023-01-28 03:18:58','Sint.','Quod enim.','09212353986','0018914373',2,4000000,1674629338,'paid',895,'',0),(917,192,68,'2023-01-19 03:18:58','2023-01-28 03:18:58','Ut et ut.','Quia.','09212326118','0018914373',1,4000000,1674110938,'paid',896,'',0),(918,192,106,'2023-01-25 03:18:59','2023-01-28 03:18:59','Aliquam.','Vero aut.','09212363595','0018914373',1,4000000,1674629339,'paid',897,'',0),(919,193,42,'2023-01-23 03:18:59','2023-01-28 03:18:59','Quia et.','Cum.','09212387471','0018914373',8,4000000,1674456539,'paid',898,'',0),(920,193,24,'2023-01-24 03:18:59','2023-01-28 03:18:59','Omnis.','Inventore.','09212383016','0018914373',10,4000000,1674542939,'paid',899,'',0),(921,193,48,'2023-01-18 03:19:00','2023-01-28 03:19:00','Sequi.','Est.','09212311690','0018914373',4,4000000,1674024540,'paid',900,'',0),(922,193,37,'2023-01-19 03:19:00','2023-01-28 03:19:00','Nam amet.','Veniam.','09212387369','0018914373',3,4000000,1674110940,'paid',901,'',0),(923,193,30,'2023-01-21 03:19:00','2023-01-28 03:19:00','Soluta.','Debitis.','09212359155','0018914373',6,4000000,1674283740,'paid',902,'',0),(924,193,50,'2023-01-18 03:19:00','2023-01-28 03:19:00','Ratione.','Quod est.','09212322663','0018914373',5,4000000,1674024540,'paid',903,'',0),(925,193,73,'2023-01-25 03:19:01','2023-01-28 03:19:01','Ut et.','Culpa est.','09212311854','0018914373',7,4000000,1674629341,'paid',904,'',0),(926,193,55,'2023-01-22 03:19:01','2023-01-28 03:19:01','Excepturi.','Illo.','09212323144','0018914373',1,4000000,1674370141,'paid',905,'',0),(927,193,55,'2023-01-23 03:19:01','2023-01-28 03:19:01','Modi quis.','Non.','09212346179','0018914373',7,4000000,1674456541,'paid',906,'',0),(928,193,90,'2023-01-22 03:19:02','2023-01-28 03:19:02','Corporis.','Sequi.','09212396399','0018914373',9,4000000,1674370142,'paid',907,'',0),(929,193,113,'2023-01-20 03:19:02','2023-01-28 03:19:02','Eos et.','Fuga.','09212390432','0018914373',8,4000000,1674197342,'paid',908,'',0),(930,193,87,'2023-01-23 03:19:02','2023-01-28 03:19:02','Debitis.','Harum vel.','09212349603','0018914373',9,4000000,1674456542,'paid',909,'',0),(931,193,112,'2023-01-20 03:19:03','2023-01-28 03:19:03','Accusamus.','Tempore.','09212391536','0018914373',1,4000000,1674197343,'paid',910,'',0),(932,193,8,'2023-01-22 03:19:03','2023-01-28 03:19:03','Est at.','Fugiat.','09212379357','0018914373',2,4000000,1674370143,'paid',911,'',0),(933,193,119,'2023-01-18 03:19:03','2023-01-28 03:19:03','Eos dicta.','Libero.','09212378885','0018914373',4,4000000,1674024543,'paid',912,'',0),(934,193,106,'2023-01-18 03:19:04','2023-01-28 03:19:04','Optio.','Corrupti.','09212366106','0018914373',2,4000000,1674024544,'paid',913,'',0),(935,193,79,'2023-01-24 03:19:04','2023-01-28 03:19:04','Eos esse.','Ut.','09212332750','0018914373',7,4000000,1674542944,'paid',914,'',0),(936,193,120,'2023-01-19 03:19:04','2023-01-28 03:19:04','Tempore.','Iure.','09212314582','0018914373',2,4000000,1674110944,'paid',915,'',0),(937,193,81,'2023-01-21 03:19:05','2023-01-28 03:19:05','Illum.','Quas.','09212322980','0018914373',5,4000000,1674283745,'paid',916,'',0),(938,193,110,'2023-01-18 03:19:05','2023-01-28 03:19:05','Expedita.','Veritatis.','09212347748','0018914373',7,4000000,1674024545,'paid',917,'',0),(939,193,74,'2023-01-24 03:19:05','2023-01-28 03:19:05','Et soluta.','Quasi vel.','09212331956','0018914373',5,4000000,1674542945,'paid',918,'',0),(940,193,116,'2023-01-18 03:19:05','2023-01-28 03:19:05','Fuga.','Quae.','09212388792','0018914373',8,4000000,1674024545,'paid',919,'',0),(941,193,18,'2023-01-25 03:19:06','2023-01-28 03:19:06','Est id.','Id.','09212331826','0018914373',9,4000000,1674629346,'paid',920,'',0),(942,193,82,'2023-01-23 03:19:06','2023-01-28 03:19:06','Provident.','Delectus.','09212369109','0018914373',8,4000000,1674456546,'paid',921,'',0),(943,193,82,'2023-01-24 03:19:06','2023-01-28 03:19:06','Molestias.','Sint.','09212364225','0018914373',6,4000000,1674542946,'paid',922,'',0),(944,193,70,'2023-01-21 03:19:07','2023-01-28 03:19:07','Error.','Atque.','09212341288','0018914373',3,4000000,1674283747,'paid',923,'',0),(945,193,15,'2023-01-23 03:19:07','2023-01-28 03:19:07','Officiis.','Aut qui.','09212337186','0018914373',5,4000000,1674456547,'paid',924,'',0),(946,193,89,'2023-01-20 03:19:07','2023-01-28 03:19:07','Corrupti.','Sunt qui.','09212333168','0018914373',3,4000000,1674197347,'paid',925,'',0),(947,193,100,'2023-01-24 03:19:08','2023-01-28 03:19:08','Error.','Occaecati.','09212362499','0018914373',10,4000000,1674542948,'paid',926,'',0),(948,193,60,'2023-01-25 03:19:08','2023-01-28 03:19:08','A ea.','Nisi.','09212373729','0018914373',4,4000000,1674629348,'paid',927,'',0),(949,193,79,'2023-01-23 03:19:08','2023-01-28 03:19:08','Aut.','Quas.','09212348788','0018914373',3,4000000,1674456548,'paid',928,'',0),(950,193,60,'2023-01-23 03:19:08','2023-01-28 03:19:08','Qui.','In.','09212313263','0018914373',7,4000000,1674456548,'paid',929,'',0),(951,193,119,'2023-01-19 03:19:09','2023-01-28 03:19:09','Et est.','Veniam.','09212330612','0018914373',5,4000000,1674110949,'paid',930,'',0),(952,193,118,'2023-01-24 03:19:09','2023-01-28 03:19:09','Amet.','Veritatis.','09212356647','0018914373',10,4000000,1674542949,'paid',931,'',0),(953,194,61,'2023-01-23 03:19:10','2023-01-28 03:19:10','Eligendi.','Facilis.','09212333464','0018914373',3,4000000,1674456550,'paid',932,'',0),(954,194,77,'2023-01-25 03:19:10','2023-01-28 03:19:10','Et omnis.','Et a.','09212382939','0018914373',4,4000000,1674629350,'paid',933,'',0),(955,194,117,'2023-01-19 03:19:10','2023-01-28 03:19:10','Quos.','Sit quasi.','09212326393','0018914373',5,4000000,1674110950,'paid',934,'',0),(956,194,52,'2023-01-23 03:19:10','2023-01-28 03:19:10','Voluptas.','Aut.','09212345993','0018914373',5,4000000,1674456550,'paid',935,'',0),(957,194,111,'2023-01-24 03:19:11','2023-01-28 03:19:11','Vero.','Veritatis.','09212392784','0018914373',7,4000000,1674542951,'paid',936,'',0),(958,194,31,'2023-01-21 03:19:11','2023-01-28 03:19:11','Est optio.','Neque.','09212336096','0018914373',5,4000000,1674283751,'paid',937,'',0),(959,194,76,'2023-01-20 03:19:11','2023-01-28 03:19:11','Sint non.','Et quam.','09212341052','0018914373',5,4000000,1674197351,'paid',938,'',0),(960,194,57,'2023-01-22 03:19:11','2023-01-28 03:19:11','Dicta.','Aperiam.','09212322870','0018914373',3,4000000,1674370151,'paid',939,'',0),(961,194,102,'2023-01-23 03:19:12','2023-01-28 03:19:12','Minima.','Ut.','09212330390','0018914373',10,4000000,1674456552,'paid',940,'',0),(962,194,44,'2023-01-18 03:19:12','2023-01-28 03:19:12','Ut earum.','Ratione.','09212335785','0018914373',1,4000000,1674024552,'paid',941,'',0),(963,194,87,'2023-01-20 03:19:12','2023-01-28 03:19:12','Delectus.','Quae ad.','09212323693','0018914373',2,4000000,1674197352,'paid',942,'',0),(964,194,25,'2023-01-20 03:19:13','2023-01-28 03:19:13','Magnam.','Sapiente.','09212336133','0018914373',4,4000000,1674197353,'paid',943,'',0),(965,194,48,'2023-01-22 03:19:13','2023-01-28 03:19:13','Rerum sit.','Omnis.','09212343863','0018914373',5,4000000,1674370153,'paid',944,'',0),(966,194,110,'2023-01-22 03:19:13','2023-01-28 03:19:13','Officiis.','Aliquam.','09212343383','0018914373',6,4000000,1674370153,'paid',945,'',0),(967,194,16,'2023-01-24 03:19:14','2023-01-28 03:19:14','Quia.','Hic.','09212372132','0018914373',5,4000000,1674542954,'paid',946,'',0),(968,194,90,'2023-01-20 03:19:14','2023-01-28 03:19:14','Est nobis.','Rerum.','09212398943','0018914373',2,4000000,1674197354,'paid',947,'',0),(969,194,84,'2023-01-19 03:19:14','2023-01-28 03:19:14','Cum.','Aperiam.','09212370180','0018914373',3,4000000,1674110954,'paid',948,'',0),(970,194,58,'2023-01-20 03:19:14','2023-01-28 03:19:14','Vel fugit.','Iste hic.','09212338349','0018914373',7,4000000,1674197354,'paid',949,'',0),(971,194,46,'2023-01-24 03:19:15','2023-01-28 03:19:15','Ullam.','Ducimus.','09212318369','0018914373',8,4000000,1674542955,'paid',950,'',0),(972,194,94,'2023-01-25 03:19:15','2023-01-28 03:19:15','Odio.','Soluta.','09212382903','0018914373',8,4000000,1674629355,'paid',951,'',0),(973,194,98,'2023-01-25 03:19:15','2023-01-28 03:19:15','Omnis nam.','Dolor quo.','09212354384','0018914373',3,4000000,1674629355,'paid',952,'',0),(974,194,38,'2023-01-23 03:19:16','2023-01-28 03:19:16','Aut unde.','Delectus.','09212324083','0018914373',9,4000000,1674456556,'paid',953,'',0),(975,194,69,'2023-01-22 03:19:16','2023-01-28 03:19:16','Sit velit.','Ex illo.','09212335223','0018914373',5,4000000,1674370156,'paid',954,'',0),(976,194,4,'2023-01-24 03:19:16','2023-01-28 03:19:16','Assumenda.','Vel quis.','09212328488','0018914373',4,4000000,1674542956,'paid',955,'',0),(977,194,20,'2023-01-25 03:19:17','2023-01-28 03:19:17','Est quae.','Quis qui.','09212368664','0018914373',7,4000000,1674629357,'paid',956,'',0),(978,194,100,'2023-01-21 03:19:17','2023-01-28 03:19:17','Excepturi.','Quia odio.','09212329881','0018914373',1,4000000,1674283757,'paid',957,'',0),(979,194,41,'2023-01-19 03:19:17','2023-01-28 03:19:17','Et.','Rerum a.','09212314584','0018914373',2,4000000,1674110957,'paid',958,'',0),(980,194,103,'2023-01-23 03:19:18','2023-01-28 03:19:18','Deleniti.','Sint et.','09212335669','0018914373',4,4000000,1674456558,'paid',959,'',0),(981,194,57,'2023-01-19 03:19:18','2023-01-28 03:19:18','Tenetur.','Rem.','09212380579','0018914373',8,4000000,1674110958,'paid',960,'',0),(982,195,3,'2023-01-21 03:19:19','2023-01-28 03:19:19','Et et.','Dicta.','09212356873','0018914373',3,4000000,1674283759,'paid',961,'',0),(983,195,72,'2023-01-25 03:19:19','2023-01-28 03:19:19','In.','Dolorem.','09212349922','0018914373',10,4000000,1674629359,'paid',962,'',0),(984,195,65,'2023-01-22 03:19:19','2023-01-28 03:19:19','Qui rerum.','Autem est.','09212374151','0018914373',9,4000000,1674370159,'paid',963,'',0),(985,195,85,'2023-01-25 03:19:19','2023-01-28 03:19:19','Deserunt.','Sint.','09212346007','0018914373',10,4000000,1674629359,'paid',964,'',0),(986,195,82,'2023-01-22 03:19:20','2023-01-28 03:19:20','Enim.','Et iusto.','09212351256','0018914373',1,4000000,1674370160,'paid',965,'',0),(987,195,115,'2023-01-24 03:19:20','2023-01-28 03:19:20','Iusto id.','Non quia.','09212380640','0018914373',7,4000000,1674542960,'paid',966,'',0),(988,195,99,'2023-01-19 03:19:20','2023-01-28 03:19:20','Vel.','Vitae vel.','09212389561','0018914373',4,4000000,1674110960,'paid',967,'',0),(989,195,113,'2023-01-19 03:19:21','2023-01-28 03:19:21','Totam ut.','Facilis.','09212342476','0018914373',7,4000000,1674110961,'paid',968,'',0),(990,195,96,'2023-01-22 03:19:21','2023-01-28 03:19:21','Autem.','Incidunt.','09212372676','0018914373',7,4000000,1674370161,'paid',969,'',0),(991,195,113,'2023-01-18 03:19:21','2023-01-28 03:19:21','Id vel.','Quia.','09212345256','0018914373',6,4000000,1674024561,'paid',970,'',0),(992,195,90,'2023-01-24 03:19:22','2023-01-28 03:19:22','Dolor.','Sed ex.','09212373914','0018914373',6,4000000,1674542962,'paid',971,'',0),(993,195,43,'2023-01-20 03:19:22','2023-01-28 03:19:22','Facere.','Nesciunt.','09212380939','0018914373',9,4000000,1674197362,'paid',972,'',0),(994,195,72,'2023-01-18 03:19:22','2023-01-28 03:19:22','Eaque ut.','Enim.','09212356618','0018914373',8,4000000,1674024562,'paid',973,'',0),(995,195,110,'2023-01-19 03:19:22','2023-01-28 03:19:22','Hic.','Earum et.','09212356273','0018914373',8,4000000,1674110962,'paid',974,'',0),(996,195,7,'2023-01-22 03:19:23','2023-01-28 03:19:23','Nobis.','Explicabo.','09212352292','0018914373',2,4000000,1674370163,'paid',975,'',0),(997,195,79,'2023-01-22 03:19:23','2023-01-28 03:19:23','Explicabo.','Non.','09212346790','0018914373',4,4000000,1674370163,'paid',976,'',0),(998,195,4,'2023-01-20 03:19:23','2023-01-28 03:19:23','Corrupti.','Ipsam.','09212352219','0018914373',8,4000000,1674197363,'paid',977,'',0),(999,196,95,'2023-01-19 03:19:24','2023-01-28 03:19:24','Omnis a.','Fugit.','09212318791','0018914373',8,4000000,1674110964,'paid',978,'',0),(1000,196,104,'2023-01-21 03:19:24','2023-01-28 03:19:24','Velit.','Minima.','09212325380','0018914373',7,4000000,1674283764,'paid',979,'',0),(1001,196,24,'2023-01-18 03:19:24','2023-01-28 03:19:24','Aperiam.','Omnis.','09212320996','0018914373',2,4000000,1674024564,'paid',980,'',0),(1002,196,43,'2023-01-21 03:19:25','2023-01-28 03:19:25','Sit et.','Modi est.','09212371483','0018914373',5,4000000,1674283765,'paid',981,'',0),(1003,196,42,'2023-01-21 03:19:25','2023-01-28 03:19:25','Sit a.','Dolores.','09212370174','0018914373',2,4000000,1674283765,'paid',982,'',0),(1004,196,90,'2023-01-19 03:19:25','2023-01-28 03:19:25','Laborum.','Quos quam.','09212376685','0018914373',4,4000000,1674110965,'paid',983,'',0),(1005,196,11,'2023-01-21 03:19:26','2023-01-28 03:19:26','Ipsam.','Molestias.','09212326561','0018914373',1,4000000,1674283766,'paid',984,'',0),(1006,196,109,'2023-01-18 03:19:26','2023-01-28 03:19:26','Non vel.','Sed.','09212362677','0018914373',2,4000000,1674024566,'paid',985,'',0),(1007,196,110,'2023-01-19 03:19:26','2023-01-28 03:19:26','Et.','Doloribus.','09212334688','0018914373',9,4000000,1674110966,'paid',986,'',0),(1008,196,3,'2023-01-20 03:19:27','2023-01-28 03:19:27','Id est.','Facere.','09212391193','0018914373',4,4000000,1674197367,'paid',987,'',0),(1009,196,24,'2023-01-22 03:19:27','2023-01-28 03:19:27','Voluptate.','Nobis.','09212379454','0018914373',10,4000000,1674370167,'paid',988,'',0),(1010,196,44,'2023-01-19 03:19:27','2023-01-28 03:19:27','Eaque.','Voluptas.','09212392602','0018914373',9,4000000,1674110967,'paid',989,'',0),(1011,196,118,'2023-01-23 03:19:28','2023-01-28 03:19:28','Facilis.','Cum.','09212327827','0018914373',3,4000000,1674456568,'paid',990,'',0),(1012,196,112,'2023-01-25 03:19:28','2023-01-28 03:19:28','Incidunt.','Eius.','09212331301','0018914373',5,4000000,1674629368,'paid',991,'',0),(1013,196,67,'2023-01-19 03:19:28','2023-01-28 03:19:28','Velit at.','Expedita.','09212350029','0018914373',5,4000000,1674110968,'paid',992,'',0),(1014,196,42,'2023-01-24 03:19:29','2023-01-28 03:19:29','Dolorem.','Dolorem.','09212395153','0018914373',9,4000000,1674542969,'paid',993,'',0),(1015,196,39,'2023-01-18 03:19:29','2023-01-28 03:19:29','Rerum eos.','Molestias.','09212331553','0018914373',3,4000000,1674024569,'paid',994,'',0),(1016,196,82,'2023-01-24 03:19:29','2023-01-28 03:19:29','Quia.','Quis.','09212321216','0018914373',6,4000000,1674542969,'paid',995,'',0),(1017,196,97,'2023-01-20 03:19:30','2023-01-28 03:19:30','Quis.','Enim.','09212379687','0018914373',9,4000000,1674197370,'paid',996,'',0),(1018,196,29,'2023-01-19 03:19:30','2023-01-28 03:19:30','Fugit.','Deleniti.','09212323098','0018914373',2,4000000,1674110970,'paid',997,'',0),(1019,196,32,'2023-01-24 03:19:30','2023-01-28 03:19:30','Ea ipsum.','Possimus.','09212312782','0018914373',1,4000000,1674542970,'paid',998,'',0),(1020,196,30,'2023-01-22 03:19:30','2023-01-28 03:19:30','Molestiae.','Ad aut.','09212383095','0018914373',8,4000000,1674370170,'paid',999,'',0),(1021,196,53,'2023-01-25 03:19:31','2023-01-28 03:19:31','Quod aut.','Possimus.','09212322260','0018914373',10,4000000,1674629371,'paid',1000,'',0),(1022,196,101,'2023-01-24 03:19:31','2023-01-28 03:19:31','Rerum sit.','Maxime.','09212329853','0018914373',5,4000000,1674542971,'paid',1001,'',0),(1023,196,16,'2023-01-23 03:19:31','2023-01-28 03:19:31','Et aut.','Non aut.','09212353770','0018914373',3,4000000,1674456571,'paid',1002,'',0),(1024,196,38,'2023-01-20 03:19:32','2023-01-28 03:19:32','Enim a.','Veritatis.','09212342150','0018914373',1,4000000,1674197372,'paid',1003,'',0),(1025,196,36,'2023-01-23 03:19:32','2023-01-28 03:19:32','Ea.','Alias non.','09212348203','0018914373',5,4000000,1674456572,'paid',1004,'',0),(1026,196,59,'2023-01-19 03:19:32','2023-01-28 03:19:32','Rerum ut.','Eveniet.','09212349383','0018914373',8,4000000,1674110972,'paid',1005,'',0),(1027,196,79,'2023-01-22 03:19:32','2023-01-28 03:19:32','Aut aut.','Vel nobis.','09212365500','0018914373',8,4000000,1674370172,'paid',1006,'',0),(1028,196,59,'2023-01-19 03:19:32','2023-01-28 03:19:32','Placeat.','Illum.','09212312291','0018914373',9,4000000,1674110972,'paid',1007,'',0),(1029,196,95,'2023-01-24 03:19:33','2023-01-28 03:19:33','Non.','Et quas.','09212313299','0018914373',4,4000000,1674542973,'paid',1008,'',0),(1030,196,95,'2023-01-22 03:19:33','2023-01-28 03:19:33','Dolor.','Nemo.','09212376751','0018914373',8,4000000,1674370173,'paid',1009,'',0),(1031,196,78,'2023-01-20 03:19:33','2023-01-28 03:19:33','Sint.','Voluptate.','09212320898','0018914373',7,4000000,1674197373,'paid',1010,'',0),(1032,196,104,'2023-01-20 03:19:34','2023-01-28 03:19:34','Iste id.','Laborum.','09212373974','0018914373',5,4000000,1674197374,'paid',1011,'',0),(1033,196,60,'2023-01-22 03:19:34','2023-01-28 03:19:34','Dolor.','Numquam.','09212376408','0018914373',9,4000000,1674370174,'paid',1012,'',0),(1034,196,65,'2023-01-22 03:19:34','2023-01-28 03:19:34','Et.','Dolores.','09212313676','0018914373',10,4000000,1674370174,'paid',1013,'',0),(1035,196,9,'2023-01-18 03:19:35','2023-01-28 03:19:35','Alias.','Facere.','09212393179','0018914373',7,4000000,1674024575,'paid',1014,'',0),(1036,196,75,'2023-01-23 03:19:35','2023-01-28 03:19:35','Qui fuga.','Occaecati.','09212349236','0018914373',1,4000000,1674456575,'paid',1015,'',0),(1037,196,82,'2023-01-20 03:19:35','2023-01-28 03:19:35','Dolorem.','Sed rerum.','09212342640','0018914373',4,4000000,1674197375,'paid',1016,'',0),(1038,196,21,'2023-01-23 03:19:35','2023-01-28 03:19:35','At et.','Rem sunt.','09212363286','0018914373',1,4000000,1674456575,'paid',1017,'',0),(1039,196,92,'2023-01-19 03:19:36','2023-01-28 03:19:36','Est fugit.','Ea eum.','09212314227','0018914373',10,4000000,1674110976,'paid',1018,'',0),(1040,196,28,'2023-01-20 03:19:36','2023-01-28 03:19:36','Dicta.','Qui sed.','09212344231','0018914373',5,4000000,1674197376,'paid',1019,'',0),(1041,196,115,'2023-01-24 03:19:36','2023-01-28 03:19:36','Aut.','Ducimus.','09212330146','0018914373',7,4000000,1674542976,'paid',1020,'',0),(1042,197,48,'2023-01-20 03:19:37','2023-01-28 03:19:37','Sit eum.','Ab.','09212398567','0018914373',4,4000000,1674197377,'paid',1021,'',0),(1043,197,14,'2023-01-23 03:19:37','2023-01-28 03:19:37','Non.','Tempora.','09212328870','0018914373',10,4000000,1674456577,'paid',1022,'',0),(1044,197,86,'2023-01-25 03:19:37','2023-01-28 03:19:37','Voluptas.','Qui sit.','09212338494','0018914373',1,4000000,1674629377,'paid',1023,'',0),(1045,197,59,'2023-01-24 03:19:38','2023-01-28 03:19:38','Est in.','Vero.','09212370609','0018914373',5,4000000,1674542978,'paid',1024,'',0),(1046,197,22,'2023-01-19 03:19:38','2023-01-28 03:19:38','Tempora.','Accusamus.','09212385709','0018914373',2,4000000,1674110978,'paid',1025,'',0),(1047,197,84,'2023-01-24 03:19:38','2023-01-28 03:19:38','Omnis.','Voluptas.','09212335357','0018914373',7,4000000,1674542978,'paid',1026,'',0),(1048,197,105,'2023-01-19 03:19:39','2023-01-28 03:19:39','Rem.','In omnis.','09212338169','0018914373',8,4000000,1674110979,'paid',1027,'',0),(1049,197,46,'2023-01-19 03:19:39','2023-01-28 03:19:39','Et rerum.','Veritatis.','09212371051','0018914373',9,4000000,1674110979,'paid',1028,'',0),(1050,197,65,'2023-01-23 03:19:39','2023-01-28 03:19:39','Omnis.','Sit minus.','09212313939','0018914373',1,4000000,1674456579,'paid',1029,'',0),(1051,197,20,'2023-01-20 03:19:40','2023-01-28 03:19:40','Hic.','Minus.','09212383529','0018914373',4,4000000,1674197380,'paid',1030,'',0),(1052,197,57,'2023-01-22 03:19:40','2023-01-28 03:19:40','Non.','Ut eius.','09212398526','0018914373',9,4000000,1674370180,'paid',1031,'',0),(1053,197,110,'2023-01-20 03:19:40','2023-01-28 03:19:40','Nulla.','Est non.','09212389310','0018914373',9,4000000,1674197380,'paid',1032,'',0),(1054,197,71,'2023-01-20 03:19:41','2023-01-28 03:19:41','Sint.','Nesciunt.','09212341264','0018914373',10,4000000,1674197381,'paid',1033,'',0),(1055,197,117,'2023-01-19 03:19:41','2023-01-28 03:19:41','Enim quod.','Unde.','09212350190','0018914373',9,4000000,1674110981,'paid',1034,'',0),(1056,197,14,'2023-01-21 03:19:41','2023-01-28 03:19:41','Ea ea.','Doloribus.','09212339081','0018914373',7,4000000,1674283781,'paid',1035,'',0),(1057,197,88,'2023-01-25 03:19:41','2023-01-28 03:19:41','Illum.','Quasi.','09212326851','0018914373',4,4000000,1674629381,'paid',1036,'',0),(1058,197,11,'2023-01-24 03:19:42','2023-01-28 03:19:42','Sed culpa.','Ut rerum.','09212361848','0018914373',1,4000000,1674542982,'paid',1037,'',0),(1059,197,76,'2023-01-23 03:19:42','2023-01-28 03:19:42','Et.','Ut.','09212398212','0018914373',2,4000000,1674456582,'paid',1038,'',0),(1060,197,112,'2023-01-23 03:19:42','2023-01-28 03:19:42','Et iste.','Vero.','09212322122','0018914373',5,4000000,1674456582,'paid',1039,'',0),(1061,197,41,'2023-01-20 03:19:43','2023-01-28 03:19:43','Repellat.','Nihil ab.','09212343165','0018914373',8,4000000,1674197383,'paid',1040,'',0),(1062,197,119,'2023-01-25 03:19:43','2023-01-28 03:19:43','Soluta.','Numquam.','09212361223','0018914373',10,4000000,1674629383,'paid',1041,'',0),(1063,197,45,'2023-01-19 03:19:43','2023-01-28 03:19:43','Dolor et.','Mollitia.','09212378459','0018914373',10,4000000,1674110983,'paid',1042,'',0),(1064,197,54,'2023-01-18 03:19:43','2023-01-28 03:19:43','Qui illo.','Et totam.','09212371079','0018914373',1,4000000,1674024583,'paid',1043,'',0),(1065,197,118,'2023-01-21 03:19:44','2023-01-28 03:19:44','Voluptas.','Maxime.','09212328124','0018914373',1,4000000,1674283784,'paid',1044,'',0),(1066,197,92,'2023-01-19 03:19:44','2023-01-28 03:19:44','Corporis.','Quasi.','09212350865','0018914373',4,4000000,1674110984,'paid',1045,'',0),(1067,197,52,'2023-01-22 03:19:45','2023-01-28 03:19:45','Magni ut.','Veniam.','09212369484','0018914373',4,4000000,1674370185,'paid',1046,'',0),(1068,197,41,'2023-01-25 03:19:45','2023-01-28 03:19:45','Qui.','Ullam.','09212328356','0018914373',4,4000000,1674629385,'paid',1047,'',0),(1069,197,55,'2023-01-22 03:19:45','2023-01-28 03:19:45','Aut.','Voluptate.','09212324027','0018914373',10,4000000,1674370185,'paid',1048,'',0),(1070,197,48,'2023-01-22 03:19:45','2023-01-28 03:19:45','Magnam.','Provident.','09212375601','0018914373',2,4000000,1674370185,'paid',1049,'',0),(1071,197,112,'2023-01-19 03:19:46','2023-01-28 03:19:46','Et.','Tempore.','09212339168','0018914373',10,4000000,1674110986,'paid',1050,'',0),(1072,197,34,'2023-01-21 03:19:46','2023-01-28 03:19:46','Nam.','Sit sed.','09212333521','0018914373',9,4000000,1674283786,'paid',1051,'',0),(1073,197,41,'2023-01-22 03:19:47','2023-01-28 03:19:47','Aut.','Ut fuga.','09212318688','0018914373',2,4000000,1674370187,'paid',1052,'',0),(1074,197,58,'2023-01-20 03:19:47','2023-01-28 03:19:47','Et et.','Aliquam.','09212325465','0018914373',8,4000000,1674197387,'paid',1053,'',0),(1075,197,71,'2023-01-22 03:19:47','2023-01-28 03:19:47','Deleniti.','Qui iste.','09212344201','0018914373',3,4000000,1674370187,'paid',1054,'',0),(1076,197,119,'2023-01-20 03:19:48','2023-01-28 03:19:48','Suscipit.','Dicta ut.','09212358745','0018914373',9,4000000,1674197388,'paid',1055,'',0),(1077,197,68,'2023-01-21 03:19:48','2023-01-28 03:19:48','Molestiae.','Accusamus.','09212357752','0018914373',2,4000000,1674283788,'paid',1056,'',0),(1078,197,32,'2023-01-18 03:19:48','2023-01-28 03:19:48','Illum.','Enim ea.','09212386244','0018914373',6,4000000,1674024588,'paid',1057,'',0),(1079,197,103,'2023-01-21 03:19:48','2023-01-28 03:19:48','Dolorem.','Omnis vel.','09212331548','0018914373',9,4000000,1674283788,'paid',1058,'',0),(1080,197,58,'2023-01-21 03:19:49','2023-01-28 03:19:49','Dolores.','Ea et in.','09212340776','0018914373',7,4000000,1674283789,'paid',1059,'',0),(1081,197,96,'2023-01-22 03:19:49','2023-01-28 03:19:49','Eius ea.','Corporis.','09212326014','0018914373',2,4000000,1674370189,'paid',1060,'',0),(1082,197,94,'2023-01-23 03:19:49','2023-01-28 03:19:49','In quo.','Nisi quae.','09212332622','0018914373',4,4000000,1674456589,'paid',1061,'',0),(1083,197,51,'2023-01-23 03:19:50','2023-01-28 03:19:50','Non.','Amet quas.','09212346149','0018914373',3,4000000,1674456590,'paid',1062,'',0),(1084,197,27,'2023-01-20 03:19:50','2023-01-28 03:19:50','Modi.','Et.','09212357040','0018914373',7,4000000,1674197390,'paid',1063,'',0),(1085,197,42,'2023-01-19 03:19:50','2023-01-28 03:19:50','Modi esse.','Nihil.','09212318396','0018914373',3,4000000,1674110990,'paid',1064,'',0),(1086,197,30,'2023-01-18 03:19:51','2023-01-28 03:19:51','Officia.','Unde.','09212348403','0018914373',6,4000000,1674024591,'paid',1065,'',0),(1087,197,27,'2023-01-18 03:19:51','2023-01-28 03:19:51','Cum est.','Aut unde.','09212341666','0018914373',7,4000000,1674024591,'paid',1066,'',0),(1088,197,33,'2023-01-21 03:19:51','2023-01-28 03:19:51','Omnis.','Aut.','09212388949','0018914373',10,4000000,1674283791,'paid',1067,'',0),(1089,197,84,'2023-01-20 03:19:52','2023-01-28 03:19:52','Omnis.','Ullam.','09212335096','0018914373',1,4000000,1674197392,'paid',1068,'',0),(1090,198,112,'2023-01-19 03:19:52','2023-01-28 03:19:52','Qui.','Sed non.','09212315834','0018914373',3,4000000,1674110992,'paid',1069,'',0),(1091,198,5,'2023-01-22 03:19:52','2023-01-28 03:19:52','Molestiae.','Rerum eum.','09212381319','0018914373',6,4000000,1674370192,'paid',1070,'',0),(1092,198,74,'2023-01-24 03:19:52','2023-01-28 03:19:53','Fugiat in.','Rerum ut.','09212388923','0018914373',5,4000000,1674542992,'paid',1071,'',0),(1093,198,56,'2023-01-20 03:19:53','2023-01-28 03:19:53','Aut ut.','Qui.','09212351043','0018914373',7,4000000,1674197393,'paid',1072,'',0),(1094,198,92,'2023-01-25 03:19:53','2023-01-28 03:19:53','Quos rem.','Adipisci.','09212378480','0018914373',8,4000000,1674629393,'paid',1073,'',0),(1095,198,74,'2023-01-20 03:19:54','2023-01-28 03:19:54','Aut qui.','Nulla.','09212328685','0018914373',7,4000000,1674197394,'paid',1074,'',0),(1096,198,66,'2023-01-20 03:19:54','2023-01-28 03:19:54','Labore.','Aut.','09212363092','0018914373',9,4000000,1674197394,'paid',1075,'',0),(1097,198,26,'2023-01-23 03:19:54','2023-01-28 03:19:54','Dolor.','Aut aut.','09212391637','0018914373',1,4000000,1674456594,'paid',1076,'',0),(1098,198,74,'2023-01-21 03:19:54','2023-01-28 03:19:54','Quaerat.','Beatae.','09212320537','0018914373',5,4000000,1674283794,'paid',1077,'',0),(1099,198,95,'2023-01-18 03:19:55','2023-01-28 03:19:55','Ipsam.','Hic a.','09212394019','0018914373',6,4000000,1674024595,'paid',1078,'',0),(1100,198,69,'2023-01-23 03:19:55','2023-01-28 03:19:55','In rerum.','Nemo.','09212391969','0018914373',5,4000000,1674456595,'paid',1079,'',0),(1101,198,91,'2023-01-20 03:19:55','2023-01-28 03:19:55','Sed.','Aut eum.','09212338813','0018914373',8,4000000,1674197395,'paid',1080,'',0),(1102,198,29,'2023-01-24 03:19:56','2023-01-28 03:19:56','Enim sunt.','Sequi.','09212385624','0018914373',4,4000000,1674542996,'paid',1081,'',0),(1103,198,4,'2023-01-19 03:19:56','2023-01-28 03:19:56','Sunt.','Sint.','09212341384','0018914373',3,4000000,1674110996,'paid',1082,'',0),(1104,198,87,'2023-01-22 03:19:56','2023-01-28 03:19:56','Ipsum eum.','Ab rem.','09212332163','0018914373',6,4000000,1674370196,'paid',1083,'',0),(1105,198,56,'2023-01-21 03:19:57','2023-01-28 03:19:57','Incidunt.','Quia.','09212343894','0018914373',3,4000000,1674283797,'paid',1084,'',0),(1106,198,44,'2023-01-18 03:19:57','2023-01-28 03:19:57','Modi.','Aut illum.','09212354513','0018914373',2,4000000,1674024597,'paid',1085,'',0),(1107,199,109,'2023-01-23 03:19:57','2023-01-28 03:19:57','Quo hic.','Quo est.','09212380031','0018914373',9,4000000,1674456597,'paid',1086,'',0),(1108,199,116,'2023-01-23 03:19:58','2023-01-28 03:19:58','Est omnis.','Vel ab ut.','09212373948','0018914373',3,4000000,1674456598,'paid',1087,'',0),(1109,199,111,'2023-01-18 03:19:58','2023-01-28 03:19:58','Et illum.','Aut earum.','09212359105','0018914373',7,4000000,1674024598,'paid',1088,'',0),(1110,199,19,'2023-01-25 03:19:58','2023-01-28 03:19:58','Natus.','Qui.','09212337397','0018914373',3,4000000,1674629398,'paid',1089,'',0),(1111,199,101,'2023-01-18 03:19:59','2023-01-28 03:19:59','Ducimus.','Quidem et.','09212330371','0018914373',3,4000000,1674024599,'paid',1090,'',0),(1112,199,56,'2023-01-20 03:20:00','2023-01-28 03:20:00','Nihil.','Et autem.','09212362136','0018914373',7,4000000,1674197400,'paid',1091,'',0),(1113,199,102,'2023-01-19 03:20:00','2023-01-28 03:20:00','Quia.','Occaecati.','09212398329','0018914373',6,4000000,1674111000,'paid',1092,'',0),(1114,199,117,'2023-01-18 03:20:00','2023-01-28 03:20:00','Qui.','Excepturi.','09212341719','0018914373',6,4000000,1674024600,'paid',1093,'',0),(1115,199,68,'2023-01-25 03:20:01','2023-01-28 03:20:01','Velit.','At.','09212364283','0018914373',10,4000000,1674629401,'paid',1094,'',0),(1116,199,57,'2023-01-25 03:20:01','2023-01-28 03:20:01','Ipsum aut.','Et.','09212344811','0018914373',7,4000000,1674629401,'paid',1095,'',0),(1117,199,49,'2023-01-20 03:20:01','2023-01-28 03:20:01','Suscipit.','Eos.','09212368520','0018914373',8,4000000,1674197401,'paid',1096,'',0),(1118,199,4,'2023-01-22 03:20:01','2023-01-28 03:20:01','Earum.','Ea.','09212378544','0018914373',3,4000000,1674370201,'paid',1097,'',0),(1119,199,56,'2023-01-22 03:20:02','2023-01-28 03:20:02','Labore.','Corporis.','09212372449','0018914373',8,4000000,1674370202,'paid',1098,'',0),(1120,199,57,'2023-01-24 03:20:02','2023-01-28 03:20:02','Ut.','Aut.','09212348503','0018914373',7,4000000,1674543002,'paid',1099,'',0),(1121,199,111,'2023-01-21 03:20:02','2023-01-28 03:20:02','Delectus.','Quibusdam.','09212355090','0018914373',3,4000000,1674283802,'paid',1100,'',0),(1122,199,91,'2023-01-24 03:20:03','2023-01-28 03:20:03','Impedit.','Corrupti.','09212372409','0018914373',8,4000000,1674543003,'paid',1101,'',0),(1123,200,62,'2023-01-21 03:20:03','2023-01-28 03:20:03','Earum ad.','In ut.','09212337481','0018914373',4,4000000,1674283803,'paid',1102,'',0),(1124,200,117,'2023-01-20 03:20:03','2023-01-28 03:20:03','Occaecati.','Sapiente.','09212368517','0018914373',3,4000000,1674197403,'paid',1103,'',0),(1125,200,34,'2023-01-24 03:20:04','2023-01-28 03:20:04','Et est et.','Qui ullam.','09212320758','0018914373',3,4000000,1674543004,'paid',1104,'',0),(1126,200,44,'2023-01-25 03:20:04','2023-01-28 03:20:04','Iste.','Aliquam.','09212357146','0018914373',10,4000000,1674629404,'paid',1105,'',0),(1127,200,12,'2023-01-18 03:20:04','2023-01-28 03:20:04','Voluptate.','Vitae.','09212352623','0018914373',10,4000000,1674024604,'paid',1106,'',0),(1128,200,23,'2023-01-20 03:20:05','2023-01-28 03:20:05','Sed totam.','Est.','09212363130','0018914373',6,4000000,1674197405,'paid',1107,'',0),(1129,200,119,'2023-01-19 03:20:05','2023-01-28 03:20:05','Similique.','Maiores.','09212315396','0018914373',3,4000000,1674111005,'paid',1108,'',0),(1130,200,38,'2023-01-18 03:20:05','2023-01-28 03:20:05','Ullam.','Sit.','09212366771','0018914373',6,4000000,1674024605,'paid',1109,'',0),(1131,200,74,'2023-01-24 03:20:06','2023-01-28 03:20:06','Labore.','Repellat.','09212344456','0018914373',10,4000000,1674543006,'paid',1110,'',0),(1132,200,16,'2023-01-24 03:20:06','2023-01-28 03:20:06','Omnis.','Occaecati.','09212399940','0018914373',6,4000000,1674543006,'paid',1111,'',0),(1133,200,38,'2023-01-23 03:20:06','2023-01-28 03:20:06','Velit ab.','Debitis.','09212347969','0018914373',9,4000000,1674456606,'paid',1112,'',0),(1134,200,117,'2023-01-18 03:20:06','2023-01-28 03:20:06','Expedita.','Molestias.','09212361812','0018914373',6,4000000,1674024606,'paid',1113,'',0),(1135,200,61,'2023-01-25 03:20:07','2023-01-28 03:20:07','Expedita.','Velit.','09212342918','0018914373',5,4000000,1674629407,'paid',1114,'',0),(1136,200,27,'2023-01-19 03:20:07','2023-01-28 03:20:07','Libero.','Veritatis.','09212355731','0018914373',1,4000000,1674111007,'paid',1115,'',0),(1137,200,12,'2023-01-20 03:20:07','2023-01-28 03:20:07','Omnis et.','Qui.','09212324727','0018914373',5,4000000,1674197407,'paid',1116,'',0),(1138,200,95,'2023-01-23 03:20:07','2023-01-28 03:20:07','Voluptas.','Nihil.','09212321624','0018914373',6,4000000,1674456607,'paid',1117,'',0),(1139,200,80,'2023-01-25 03:20:08','2023-01-28 03:20:08','Ut maxime.','Eum qui.','09212347484','0018914373',6,4000000,1674629408,'paid',1118,'',0),(1140,200,48,'2023-01-23 03:20:08','2023-01-28 03:20:08','Fugiat.','Omnis.','09212366963','0018914373',6,4000000,1674456608,'paid',1119,'',0),(1141,200,19,'2023-01-20 03:20:08','2023-01-28 03:20:08','Dolores.','Cum id.','09212355489','0018914373',10,4000000,1674197408,'paid',1120,'',0),(1142,200,102,'2023-01-25 03:20:09','2023-01-28 03:20:09','Saepe.','Hic id.','09212365822','0018914373',10,4000000,1674629409,'paid',1121,'',0),(1143,200,21,'2023-01-23 03:20:09','2023-01-28 03:20:09','Explicabo.','Debitis.','09212336435','0018914373',9,4000000,1674456609,'paid',1122,'',0),(1144,200,24,'2023-01-22 03:20:09','2023-01-28 03:20:09','Illo.','Labore.','09212394413','0018914373',6,4000000,1674370209,'paid',1123,'',0),(1145,201,92,'2023-01-24 03:20:10','2023-01-28 03:20:10','Quod.','Dolore.','09212379717','0018914373',6,4000000,1674543010,'paid',1124,'',0),(1146,201,20,'2023-01-18 03:20:10','2023-01-28 03:20:10','In esse.','Optio.','09212359135','0018914373',9,4000000,1674024610,'paid',1125,'',0),(1147,201,15,'2023-01-22 03:20:10','2023-01-28 03:20:10','Et illo.','Tenetur.','09212380786','0018914373',6,4000000,1674370210,'paid',1126,'',0),(1148,201,24,'2023-01-18 03:20:10','2023-01-28 03:20:10','Molestiae.','Doloribus.','09212376448','0018914373',8,4000000,1674024610,'paid',1127,'',0),(1149,201,94,'2023-01-24 03:20:11','2023-01-28 03:20:11','Officia.','Molestiae.','09212395894','0018914373',8,4000000,1674543011,'paid',1128,'',0),(1150,201,57,'2023-01-23 03:20:11','2023-01-28 03:20:11','Nesciunt.','Adipisci.','09212317947','0018914373',8,4000000,1674456611,'paid',1129,'',0),(1151,201,20,'2023-01-25 03:20:11','2023-01-28 03:20:11','Eligendi.','Libero.','09212346657','0018914373',5,4000000,1674629411,'paid',1130,'',0),(1152,201,20,'2023-01-24 03:20:11','2023-01-28 03:20:11','Est.','Quo id.','09212328473','0018914373',2,4000000,1674543011,'paid',1131,'',0),(1153,201,78,'2023-01-21 03:20:12','2023-01-28 03:20:12','Tempore.','Minus quo.','09212386880','0018914373',4,4000000,1674283812,'paid',1132,'',0),(1154,201,48,'2023-01-22 03:20:12','2023-01-28 03:20:12','Cumque.','Dolorem.','09212314692','0018914373',3,4000000,1674370212,'paid',1133,'',0),(1155,201,97,'2023-01-22 03:20:12','2023-01-28 03:20:12','Laborum.','Ut ut.','09212328271','0018914373',5,4000000,1674370212,'paid',1134,'',0),(1156,201,24,'2023-01-20 03:20:13','2023-01-28 03:20:13','Deleniti.','Voluptate.','09212343716','0018914373',7,4000000,1674197413,'paid',1135,'',0),(1157,201,37,'2023-01-20 03:20:13','2023-01-28 03:20:13','Expedita.','Id velit.','09212386651','0018914373',7,4000000,1674197413,'paid',1136,'',0),(1158,201,78,'2023-01-18 03:20:13','2023-01-28 03:20:13','Quia.','Aut.','09212380483','0018914373',7,4000000,1674024613,'paid',1137,'',0),(1159,201,113,'2023-01-24 03:20:14','2023-01-28 03:20:14','Dicta.','Iste aut.','09212358387','0018914373',1,4000000,1674543014,'paid',1138,'',0),(1160,201,34,'2023-01-19 03:20:14','2023-01-28 03:20:14','Dolor rem.','Dicta.','09212364699','0018914373',6,4000000,1674111014,'paid',1139,'',0),(1161,201,75,'2023-01-25 03:20:14','2023-01-28 03:20:14','Corporis.','Labore.','09212372215','0018914373',10,4000000,1674629414,'paid',1140,'',0),(1162,201,110,'2023-01-23 03:20:15','2023-01-28 03:20:15','Autem.','Tenetur a.','09212354554','0018914373',5,4000000,1674456615,'paid',1141,'',0),(1163,201,116,'2023-01-22 03:20:15','2023-01-28 03:20:15','Autem non.','Nostrum.','09212383268','0018914373',6,4000000,1674370215,'paid',1142,'',0),(1164,201,76,'2023-01-21 03:20:15','2023-01-28 03:20:15','Sed sit.','Dolorem.','09212359543','0018914373',1,4000000,1674283815,'paid',1143,'',0),(1165,201,117,'2023-01-18 03:20:15','2023-01-28 03:20:15','Officiis.','Eum atque.','09212385485','0018914373',1,4000000,1674024615,'paid',1144,'',0),(1166,201,81,'2023-01-23 03:20:16','2023-01-28 03:20:16','Est.','Id iusto.','09212398874','0018914373',9,4000000,1674456616,'paid',1145,'',0),(1167,201,32,'2023-01-23 03:20:16','2023-01-28 03:20:16','Rerum.','Neque.','09212324669','0018914373',2,4000000,1674456616,'paid',1146,'',0),(1168,201,14,'2023-01-20 03:20:16','2023-01-28 03:20:16','Dolor.','Quasi sit.','09212364462','0018914373',5,4000000,1674197416,'paid',1147,'',0),(1169,201,88,'2023-01-25 03:20:17','2023-01-28 03:20:17','Quis et.','Sit vitae.','09212314443','0018914373',2,4000000,1674629417,'paid',1148,'',0),(1170,201,23,'2023-01-23 03:20:17','2023-01-28 03:20:17','Explicabo.','Est ex.','09212377943','0018914373',6,4000000,1674456617,'paid',1149,'',0),(1171,201,89,'2023-01-21 03:20:17','2023-01-28 03:20:17','Non.','Id nihil.','09212386004','0018914373',10,4000000,1674283817,'paid',1150,'',0),(1172,201,52,'2023-01-19 03:20:18','2023-01-28 03:20:18','Provident.','Velit.','09212384135','0018914373',6,4000000,1674111018,'paid',1151,'',0),(1173,201,65,'2023-01-22 03:20:18','2023-01-28 03:20:18','Minima.','Aut.','09212399612','0018914373',6,4000000,1674370218,'paid',1152,'',0),(1174,201,19,'2023-01-19 03:20:19','2023-01-28 03:20:19','Quo sed.','Deleniti.','09212345492','0018914373',4,4000000,1674111019,'paid',1153,'',0),(1175,201,108,'2023-01-25 03:20:19','2023-01-28 03:20:19','Facilis.','Tenetur.','09212399022','0018914373',7,4000000,1674629419,'paid',1154,'',0),(1176,202,16,'2023-01-25 03:20:19','2023-01-28 03:20:19','Quibusdam.','Suscipit.','09212359368','0018914373',4,4000000,1674629419,'paid',1155,'',0),(1177,202,87,'2023-01-23 03:20:19','2023-01-28 03:20:19','Nam rem.','Qui optio.','09212356487','0018914373',2,4000000,1674456619,'paid',1156,'',0),(1178,202,29,'2023-01-24 03:20:20','2023-01-28 03:20:20','Sint.','Accusamus.','09212379161','0018914373',7,4000000,1674543020,'paid',1157,'',0),(1179,202,25,'2023-01-21 03:20:20','2023-01-28 03:20:20','Explicabo.','Iste.','09212319203','0018914373',5,4000000,1674283820,'paid',1158,'',0),(1180,202,35,'2023-01-18 03:20:20','2023-01-28 03:20:20','Ea.','Mollitia.','09212360645','0018914373',6,4000000,1674024620,'paid',1159,'',0),(1181,202,105,'2023-01-22 03:20:21','2023-01-28 03:20:21','Ratione.','Quo quia.','09212349662','0018914373',1,4000000,1674370221,'paid',1160,'',0),(1182,202,95,'2023-01-24 03:20:21','2023-01-28 03:20:21','Laborum.','Qui.','09212392450','0018914373',6,4000000,1674543021,'paid',1161,'',0),(1183,202,59,'2023-01-18 03:20:21','2023-01-28 03:20:21','Ut aut.','Veritatis.','09212323502','0018914373',4,4000000,1674024621,'paid',1162,'',0),(1184,202,86,'2023-01-25 03:20:22','2023-01-28 03:20:22','Ratione.','Quo.','09212324433','0018914373',9,4000000,1674629422,'paid',1163,'',0),(1185,202,41,'2023-01-25 03:20:22','2023-01-28 03:20:22','Fuga illo.','Vel quis.','09212323491','0018914373',8,4000000,1674629422,'paid',1164,'',0),(1186,202,83,'2023-01-23 03:20:22','2023-01-28 03:20:22','Ut.','Eaque.','09212363738','0018914373',6,4000000,1674456622,'paid',1165,'',0),(1187,202,40,'2023-01-18 03:20:23','2023-01-28 03:20:23','Corrupti.','Beatae.','09212381061','0018914373',7,4000000,1674024623,'paid',1166,'',0),(1188,202,26,'2023-01-19 03:20:23','2023-01-28 03:20:23','Harum.','Ad.','09212320897','0018914373',1,4000000,1674111023,'paid',1167,'',0),(1189,202,64,'2023-01-23 03:20:23','2023-01-28 03:20:23','Quidem.','Ea.','09212333424','0018914373',4,4000000,1674456623,'paid',1168,'',0),(1190,202,47,'2023-01-19 03:20:24','2023-01-28 03:20:24','Minus.','Dolorem.','09212348769','0018914373',4,4000000,1674111024,'paid',1169,'',0),(1191,202,92,'2023-01-20 03:20:24','2023-01-28 03:20:24','Quo est.','Quod ab.','09212390184','0018914373',4,4000000,1674197424,'paid',1170,'',0),(1192,202,41,'2023-01-19 03:20:24','2023-01-28 03:20:24','Repellat.','Non sunt.','09212378602','0018914373',10,4000000,1674111024,'paid',1171,'',0),(1193,202,111,'2023-01-24 03:20:24','2023-01-28 03:20:24','Aut.','Officiis.','09212390215','0018914373',2,4000000,1674543024,'paid',1172,'',0),(1194,202,33,'2023-01-22 03:20:25','2023-01-28 03:20:25','Sed.','Sint.','09212372419','0018914373',5,4000000,1674370225,'paid',1173,'',0),(1195,202,46,'2023-01-24 03:20:25','2023-01-28 03:20:25','Quia.','Ipsa.','09212390583','0018914373',3,4000000,1674543025,'paid',1174,'',0),(1196,202,93,'2023-01-23 03:20:25','2023-01-28 03:20:25','Nam.','Quia.','09212369073','0018914373',1,4000000,1674456625,'paid',1175,'',0),(1197,202,103,'2023-01-23 03:20:26','2023-01-28 03:20:26','Eos atque.','Omnis.','09212315437','0018914373',1,4000000,1674456626,'paid',1176,'',0),(1198,202,48,'2023-01-19 03:20:26','2023-01-28 03:20:26','Animi ut.','Ipsa.','09212391711','0018914373',2,4000000,1674111026,'paid',1177,'',0),(1199,202,15,'2023-01-23 03:20:26','2023-01-28 03:20:26','Quo eum.','Deserunt.','09212348468','0018914373',7,4000000,1674456626,'paid',1178,'',0),(1200,202,47,'2023-01-25 03:20:26','2023-01-28 03:20:26','Qui illum.','Magnam.','09212335719','0018914373',9,4000000,1674629426,'paid',1179,'',0),(1201,202,80,'2023-01-20 03:20:26','2023-01-28 03:20:26','Enim.','Maiores.','09212379878','0018914373',7,4000000,1674197426,'paid',1180,'',0),(1202,202,35,'2023-01-18 03:20:27','2023-01-28 03:20:27','Qui dolor.','Et sunt.','09212396871','0018914373',7,4000000,1674024627,'paid',1181,'',0),(1203,202,50,'2023-01-25 03:20:27','2023-01-28 03:20:27','Illo ea.','Deleniti.','09212364069','0018914373',2,4000000,1674629427,'paid',1182,'',0),(1204,202,82,'2023-01-19 03:20:27','2023-01-28 03:20:27','Hic.','Magni.','09212334914','0018914373',5,4000000,1674111027,'paid',1183,'',0),(1205,202,73,'2023-01-19 03:20:27','2023-01-28 03:20:27','Inventore.','Dolor.','09212325765','0018914373',10,4000000,1674111027,'paid',1184,'',0),(1206,202,90,'2023-01-21 03:20:28','2023-01-28 03:20:28','Aut illum.','Quis.','09212333256','0018914373',2,4000000,1674283828,'paid',1185,'',0),(1207,202,74,'2023-01-19 03:20:28','2023-01-28 03:20:28','Provident.','Officiis.','09212372010','0018914373',4,4000000,1674111028,'paid',1186,'',0),(1208,202,32,'2023-01-20 03:20:28','2023-01-28 03:20:28','Facilis.','Vel.','09212366550','0018914373',1,4000000,1674197428,'paid',1187,'',0),(1209,202,48,'2023-01-23 03:20:29','2023-01-28 03:20:29','Dolorem.','Nihil.','09212358663','0018914373',10,4000000,1674456629,'paid',1188,'',0),(1210,202,116,'2023-01-25 03:20:29','2023-01-28 03:20:29','Voluptas.','Autem.','09212345638','0018914373',10,4000000,1674629429,'paid',1189,'',0),(1211,202,99,'2023-01-22 03:20:29','2023-01-28 03:20:29','Omnis est.','Est quo.','09212327617','0018914373',1,4000000,1674370229,'paid',1190,'',0),(1212,202,120,'2023-01-18 03:20:30','2023-01-28 03:20:30','Maiores.','Aut culpa.','09212380052','0018914373',9,4000000,1674024630,'paid',1191,'',0),(1213,202,52,'2023-01-24 03:20:30','2023-01-28 03:20:30','Qui.','Dolores.','09212347270','0018914373',5,4000000,1674543030,'paid',1192,'',0),(1214,202,115,'2023-01-20 03:20:30','2023-01-28 03:20:30','Nostrum.','Atque.','09212325398','0018914373',7,4000000,1674197430,'paid',1193,'',0),(1215,202,16,'2023-01-23 03:20:31','2023-01-28 03:20:31','Et quod.','Beatae.','09212320476','0018914373',9,4000000,1674456631,'paid',1194,'',0),(1216,203,80,'2023-01-18 03:20:31','2023-01-28 03:20:31','Est dolor.','Eum et.','09212369171','0018914373',10,4000000,1674024631,'paid',1195,'',0),(1217,203,47,'2023-01-23 03:20:31','2023-01-28 03:20:31','Expedita.','Occaecati.','09212348630','0018914373',8,4000000,1674456631,'paid',1196,'',0),(1218,203,73,'2023-01-18 03:20:32','2023-01-28 03:20:32','Non et.','Nisi.','09212321187','0018914373',2,4000000,1674024632,'paid',1197,'',0),(1219,203,31,'2023-01-19 03:20:32','2023-01-28 03:20:32','Ab iusto.','Dolore.','09212371875','0018914373',6,4000000,1674111032,'paid',1198,'',0),(1220,203,81,'2023-01-23 03:20:32','2023-01-28 03:20:32','Occaecati.','Est fugit.','09212332909','0018914373',7,4000000,1674456632,'paid',1199,'',0),(1221,203,7,'2023-01-24 03:20:33','2023-01-28 03:20:33','Velit eos.','Culpa.','09212394978','0018914373',3,4000000,1674543033,'paid',1200,'',0),(1222,203,18,'2023-01-22 03:20:33','2023-01-28 03:20:33','Harum ut.','Quia.','09212332143','0018914373',9,4000000,1674370233,'paid',1201,'',0),(1223,203,75,'2023-01-18 03:20:33','2023-01-28 03:20:33','Incidunt.','Ea eum ut.','09212397717','0018914373',10,4000000,1674024633,'paid',1202,'',0),(1224,203,74,'2023-01-19 03:20:33','2023-01-28 03:20:33','Aut quo.','Nesciunt.','09212331299','0018914373',5,4000000,1674111033,'paid',1203,'',0),(1225,203,70,'2023-01-22 03:20:34','2023-01-28 03:20:34','In beatae.','Vitae.','09212327816','0018914373',3,4000000,1674370234,'paid',1204,'',0),(1226,203,90,'2023-01-25 03:20:34','2023-01-28 03:20:34','Aut et.','Omnis.','09212313002','0018914373',3,4000000,1674629434,'paid',1205,'',0),(1227,203,13,'2023-01-18 03:20:35','2023-01-28 03:20:35','Omnis.','Iste ut.','09212385864','0018914373',4,4000000,1674024635,'paid',1206,'',0),(1228,203,71,'2023-01-22 03:20:35','2023-01-28 03:20:35','Ipsam.','Enim sunt.','09212371708','0018914373',6,4000000,1674370235,'paid',1207,'',0),(1229,203,29,'2023-01-18 03:20:35','2023-01-28 03:20:35','Eos eos.','Id porro.','09212319235','0018914373',4,4000000,1674024635,'paid',1208,'',0),(1230,203,88,'2023-01-24 03:20:36','2023-01-28 03:20:36','Itaque.','Non ut.','09212359362','0018914373',8,4000000,1674543036,'paid',1209,'',0),(1231,203,27,'2023-01-23 03:20:36','2023-01-28 03:20:36','Beatae at.','Et et.','09212343928','0018914373',6,4000000,1674456636,'paid',1210,'',0),(1232,203,98,'2023-01-19 03:20:36','2023-01-28 03:20:36','Quisquam.','Harum ad.','09212333676','0018914373',3,4000000,1674111036,'paid',1211,'',0),(1233,203,37,'2023-01-20 03:20:36','2023-01-28 03:20:36','Libero in.','Vero.','09212343518','0018914373',5,4000000,1674197436,'paid',1212,'',0),(1234,203,26,'2023-01-21 03:20:37','2023-01-28 03:20:37','Nesciunt.','Hic sunt.','09212322983','0018914373',4,4000000,1674283837,'paid',1213,'',0),(1235,203,69,'2023-01-23 03:20:37','2023-01-28 03:20:37','Tempora.','Aperiam.','09212346657','0018914373',2,4000000,1674456637,'paid',1214,'',0),(1236,203,54,'2023-01-25 03:20:37','2023-01-28 03:20:37','Tenetur.','Quo.','09212371296','0018914373',1,4000000,1674629437,'paid',1215,'',0),(1237,203,7,'2023-01-18 03:20:38','2023-01-28 03:20:38','Laborum.','Similique.','09212350381','0018914373',10,4000000,1674024638,'paid',1216,'',0),(1238,203,116,'2023-01-25 03:20:38','2023-01-28 03:20:38','Facilis.','Est.','09212382706','0018914373',5,4000000,1674629438,'paid',1217,'',0),(1239,203,119,'2023-01-25 03:20:39','2023-01-28 03:20:39','Aut ad.','Delectus.','09212377420','0018914373',4,4000000,1674629439,'paid',1218,'',0),(1240,203,86,'2023-01-20 03:20:39','2023-01-28 03:20:39','Magni aut.','Numquam.','09212372021','0018914373',6,4000000,1674197439,'paid',1219,'',0),(1241,203,66,'2023-01-25 03:20:39','2023-01-28 03:20:39','Autem.','Id ut nam.','09212395116','0018914373',4,4000000,1674629439,'paid',1220,'',0),(1242,203,23,'2023-01-21 03:20:40','2023-01-28 03:20:40','Natus hic.','Adipisci.','09212399718','0018914373',1,4000000,1674283840,'paid',1221,'',0),(1243,203,58,'2023-01-20 03:20:40','2023-01-28 03:20:40','Vero aut.','Dicta.','09212378875','0018914373',9,4000000,1674197440,'paid',1222,'',0),(1244,203,96,'2023-01-22 03:20:40','2023-01-28 03:20:40','Vero eum.','Commodi.','09212346492','0018914373',4,4000000,1674370240,'paid',1223,'',0),(1245,203,90,'2023-01-22 03:20:41','2023-01-28 03:20:41','Nulla.','Dolorem.','09212396583','0018914373',5,4000000,1674370241,'paid',1224,'',0),(1246,203,74,'2023-01-18 03:20:41','2023-01-28 03:20:41','Ut vitae.','Est at.','09212366245','0018914373',2,4000000,1674024641,'paid',1225,'',0),(1247,203,104,'2023-01-25 03:20:41','2023-01-28 03:20:41','Provident.','Porro et.','09212333213','0018914373',1,4000000,1674629441,'paid',1226,'',0),(1248,203,15,'2023-01-25 03:20:42','2023-01-28 03:20:42','Ducimus.','Non quis.','09212363050','0018914373',10,4000000,1674629442,'paid',1227,'',0),(1249,203,16,'2023-01-19 03:20:42','2023-01-28 03:20:42','Iure.','Molestiae.','09212320282','0018914373',3,4000000,1674111042,'paid',1228,'',0),(1250,203,10,'2023-01-21 03:20:42','2023-01-28 03:20:42','Inventore.','Libero.','09212344202','0018914373',6,4000000,1674283842,'paid',1229,'',0),(1251,203,63,'2023-01-21 03:20:43','2023-01-28 03:20:43','Sunt.','Occaecati.','09212379039','0018914373',6,4000000,1674283843,'paid',1230,'',0),(1252,203,85,'2023-01-19 03:20:43','2023-01-28 03:20:43','Enim est.','Unde sunt.','09212350041','0018914373',7,4000000,1674111043,'paid',1231,'',0),(1253,203,90,'2023-01-23 03:20:43','2023-01-28 03:20:43','Labore.','Atque.','09212335211','0018914373',1,4000000,1674456643,'paid',1232,'',0),(1254,203,9,'2023-01-23 03:20:43','2023-01-28 03:20:43','Placeat.','Sit.','09212379428','0018914373',5,4000000,1674456643,'paid',1233,'',0),(1255,203,79,'2023-01-18 03:20:44','2023-01-28 03:20:44','Commodi.','Amet.','09212359211','0018914373',4,4000000,1674024644,'paid',1234,'',0),(1256,203,57,'2023-01-19 03:20:44','2023-01-28 03:20:44','Illum.','Ut ut.','09212376680','0018914373',6,4000000,1674111044,'paid',1235,'',0),(1257,203,5,'2023-01-22 03:20:44','2023-01-28 03:20:44','Et est.','Quis.','09212330789','0018914373',2,4000000,1674370244,'paid',1236,'',0),(1258,203,95,'2023-01-23 03:20:45','2023-01-28 03:20:45','Qui.','Qui.','09212392047','0018914373',10,4000000,1674456645,'paid',1237,'',0),(1259,203,89,'2023-01-24 03:20:45','2023-01-28 03:20:45','Suscipit.','Et sunt.','09212333307','0018914373',7,4000000,1674543045,'paid',1238,'',0),(1260,203,53,'2023-01-21 03:20:45','2023-01-28 03:20:45','Inventore.','Beatae.','09212338105','0018914373',5,4000000,1674283845,'paid',1239,'',0),(1261,203,97,'2023-01-18 03:20:45','2023-01-28 03:20:45','Rerum.','Aliquid.','09212386742','0018914373',5,4000000,1674024645,'paid',1240,'',0),(1262,203,60,'2023-01-18 03:20:46','2023-01-28 03:20:46','Ea.','Aliquam.','09212358375','0018914373',9,4000000,1674024646,'paid',1241,'',0),(1263,204,32,'2023-01-21 03:20:46','2023-01-28 03:20:46','Aliquam.','Quo eos.','09212365428','0018914373',10,4000000,1674283846,'paid',1242,'',0),(1264,204,21,'2023-01-18 03:20:46','2023-01-28 03:20:46','Delectus.','Ut quia.','09212311515','0018914373',4,4000000,1674024646,'paid',1243,'',0),(1265,204,57,'2023-01-24 03:20:47','2023-01-28 03:20:47','Est est.','At cumque.','09212365251','0018914373',3,4000000,1674543047,'paid',1244,'',0),(1266,204,120,'2023-01-23 03:20:47','2023-01-28 03:20:47','Veniam.','Sit.','09212326341','0018914373',8,4000000,1674456647,'paid',1245,'',0),(1267,204,87,'2023-01-20 03:20:47','2023-01-28 03:20:47','Non.','In ea.','09212380655','0018914373',3,4000000,1674197447,'paid',1246,'',0),(1268,204,111,'2023-01-23 03:20:48','2023-01-28 03:20:48','Placeat.','Excepturi.','09212393246','0018914373',2,4000000,1674456648,'paid',1247,'',0),(1269,204,97,'2023-01-19 03:20:48','2023-01-28 03:20:48','Quaerat.','Dolorum.','09212325611','0018914373',4,4000000,1674111048,'paid',1248,'',0),(1270,204,17,'2023-01-24 03:20:48','2023-01-28 03:20:48','Et sit.','Dolor.','09212393147','0018914373',7,4000000,1674543048,'paid',1249,'',0),(1271,204,12,'2023-01-19 03:20:48','2023-01-28 03:20:48','Quis qui.','Deserunt.','09212393172','0018914373',4,4000000,1674111048,'paid',1250,'',0),(1272,204,74,'2023-01-25 03:20:49','2023-01-28 03:20:49','Harum.','Quas quis.','09212326375','0018914373',10,4000000,1674629449,'paid',1251,'',0),(1273,204,34,'2023-01-25 03:20:49','2023-01-28 03:20:49','Illo vel.','Sit qui.','09212327683','0018914373',7,4000000,1674629449,'paid',1252,'',0),(1274,204,16,'2023-01-22 03:20:49','2023-01-28 03:20:49','Et.','Atque.','09212362281','0018914373',2,4000000,1674370249,'paid',1253,'',0),(1275,204,25,'2023-01-21 03:20:50','2023-01-28 03:20:50','Quod.','Dolorem.','09212340645','0018914373',5,4000000,1674283850,'paid',1254,'',0),(1276,204,96,'2023-01-18 03:20:50','2023-01-28 03:20:50','Ipsa.','Accusamus.','09212397726','0018914373',6,4000000,1674024650,'paid',1255,'',0),(1277,204,101,'2023-01-19 03:20:50','2023-01-28 03:20:50','Aperiam.','Deserunt.','09212379909','0018914373',7,4000000,1674111050,'paid',1256,'',0),(1278,204,104,'2023-01-23 03:20:51','2023-01-28 03:20:51','Omnis.','Dolorem.','09212327543','0018914373',2,4000000,1674456651,'paid',1257,'',0),(1279,204,104,'2023-01-21 03:20:51','2023-01-28 03:20:51','Aut.','Nostrum.','09212379311','0018914373',10,4000000,1674283851,'paid',1258,'',0),(1280,204,99,'2023-01-25 03:20:51','2023-01-28 03:20:51','Velit non.','Et libero.','09212333427','0018914373',7,4000000,1674629451,'paid',1259,'',0),(1281,204,39,'2023-01-25 03:20:52','2023-01-28 03:20:52','Quas.','Et.','09212384537','0018914373',2,4000000,1674629452,'paid',1260,'',0),(1282,204,73,'2023-01-19 03:20:52','2023-01-28 03:20:52','Ipsum vel.','Sequi.','09212320449','0018914373',7,4000000,1674111052,'paid',1261,'',0),(1283,204,29,'2023-01-23 03:20:52','2023-01-28 03:20:52','Voluptas.','Inventore.','09212393766','0018914373',5,4000000,1674456652,'paid',1262,'',0),(1284,204,93,'2023-01-25 03:20:53','2023-01-28 03:20:53','Qui.','Incidunt.','09212389737','0018914373',8,4000000,1674629453,'paid',1263,'',0),(1285,204,47,'2023-01-19 03:20:53','2023-01-28 03:20:53','Ab.','Ab sint.','09212374948','0018914373',6,4000000,1674111053,'paid',1264,'',0),(1286,204,58,'2023-01-18 03:20:53','2023-01-28 03:20:53','Enim.','Molestiae.','09212328512','0018914373',3,4000000,1674024653,'paid',1265,'',0),(1287,204,49,'2023-01-23 03:20:54','2023-01-28 03:20:54','Dolor.','Quo nobis.','09212380315','0018914373',1,4000000,1674456654,'paid',1266,'',0),(1288,204,99,'2023-01-18 03:20:54','2023-01-28 03:20:54','Explicabo.','Quam.','09212312572','0018914373',8,4000000,1674024654,'paid',1267,'',0),(1289,204,53,'2023-01-24 03:20:54','2023-01-28 03:20:54','Magni et.','Non nihil.','09212377665','0018914373',1,4000000,1674543054,'paid',1268,'',0),(1290,204,110,'2023-01-20 03:20:55','2023-01-28 03:20:55','Aut.','Optio.','09212377711','0018914373',5,4000000,1674197455,'paid',1269,'',0),(1291,204,13,'2023-01-20 03:20:55','2023-01-28 03:20:55','Velit.','Sit ut.','09212366465','0018914373',9,4000000,1674197455,'paid',1270,'',0),(1292,204,9,'2023-01-22 03:20:55','2023-01-28 03:20:55','Quae quo.','Vitae.','09212314617','0018914373',2,4000000,1674370255,'paid',1271,'',0),(1293,204,52,'2023-01-21 03:20:56','2023-01-28 03:20:56','Quo ipsum.','Dolorem.','09212378351','0018914373',8,4000000,1674283856,'paid',1272,'',0),(1294,204,48,'2023-01-20 03:20:56','2023-01-28 03:20:56','Incidunt.','Quis.','09212338017','0018914373',6,4000000,1674197456,'paid',1273,'',0),(1295,204,71,'2023-01-19 03:20:56','2023-01-28 03:20:56','Veritatis.','Alias.','09212335429','0018914373',10,4000000,1674111056,'paid',1274,'',0),(1296,204,63,'2023-01-20 03:20:57','2023-01-28 03:20:57','Ut quos.','Alias.','09212322727','0018914373',9,4000000,1674197457,'paid',1275,'',0),(1297,204,37,'2023-01-21 03:20:57','2023-01-28 03:20:57','Placeat.','Impedit.','09212332700','0018914373',1,4000000,1674283857,'paid',1276,'',0),(1298,204,14,'2023-01-24 03:20:58','2023-01-28 03:20:58','Qui.','Repellat.','09212324869','0018914373',5,4000000,1674543058,'paid',1277,'',0),(1299,204,104,'2023-01-18 03:20:58','2023-01-28 03:20:58','Rerum.','Repellat.','09212336342','0018914373',5,4000000,1674024658,'paid',1278,'',0),(1300,204,67,'2023-01-25 03:20:58','2023-01-28 03:20:58','Ut quidem.','Neque.','09212383261','0018914373',2,4000000,1674629458,'paid',1279,'',0),(1301,204,33,'2023-01-18 03:20:58','2023-01-28 03:20:58','Itaque.','Maiores.','09212337865','0018914373',5,4000000,1674024658,'paid',1280,'',0),(1302,204,92,'2023-01-23 03:20:59','2023-01-28 03:20:59','Vel nihil.','Nemo.','09212392487','0018914373',8,4000000,1674456659,'paid',1281,'',0),(1303,204,48,'2023-01-18 03:20:59','2023-01-28 03:20:59','Nostrum.','Id omnis.','09212343984','0018914373',4,4000000,1674024659,'paid',1282,'',0),(1304,204,49,'2023-01-20 03:20:59','2023-01-28 03:20:59','Similique.','Qui.','09212340340','0018914373',7,4000000,1674197459,'paid',1283,'',0),(1305,204,57,'2023-01-23 03:21:00','2023-01-28 03:21:00','Rerum.','Est non.','09212332005','0018914373',9,4000000,1674456660,'paid',1284,'',0),(1306,204,112,'2023-01-24 03:21:00','2023-01-28 03:21:00','Nesciunt.','Quidem et.','09212382312','0018914373',2,4000000,1674543060,'paid',1285,'',0),(1307,204,71,'2023-01-19 03:21:00','2023-01-28 03:21:00','Veritatis.','Enim.','09212360446','0018914373',8,4000000,1674111060,'paid',1286,'',0),(1308,204,54,'2023-01-24 03:21:01','2023-01-28 03:21:01','Tempora.','Pariatur.','09212323609','0018914373',9,4000000,1674543061,'paid',1287,'',0),(1309,205,113,'2023-01-25 03:21:01','2023-01-28 03:21:01','Ut.','Corrupti.','09212319688','0018914373',10,4000000,1674629461,'paid',1288,'',0),(1310,205,6,'2023-01-24 03:21:01','2023-01-28 03:21:01','Hic qui.','Illo.','09212372356','0018914373',4,4000000,1674543061,'paid',1289,'',0),(1311,205,40,'2023-01-25 03:21:02','2023-01-28 03:21:02','Quibusdam.','Sunt quis.','09212377014','0018914373',1,4000000,1674629462,'paid',1290,'',0),(1312,205,19,'2023-01-20 03:21:02','2023-01-28 03:21:02','Eos et.','Et fugit.','09212384229','0018914373',4,4000000,1674197462,'paid',1291,'',0),(1313,205,97,'2023-01-21 03:21:02','2023-01-28 03:21:02','Placeat.','Et.','09212390260','0018914373',6,4000000,1674283862,'paid',1292,'',0),(1314,205,41,'2023-01-18 03:21:02','2023-01-28 03:21:02','Placeat.','Pariatur.','09212313554','0018914373',1,4000000,1674024662,'paid',1293,'',0),(1315,205,18,'2023-01-20 03:21:03','2023-01-28 03:21:03','Vel ex.','Adipisci.','09212354405','0018914373',4,4000000,1674197463,'paid',1294,'',0),(1316,205,13,'2023-01-20 03:21:03','2023-01-28 03:21:03','Sunt.','Nulla.','09212383681','0018914373',6,4000000,1674197463,'paid',1295,'',0),(1317,205,13,'2023-01-21 03:21:03','2023-01-28 03:21:03','Cum nam.','Nemo.','09212399511','0018914373',5,4000000,1674283863,'paid',1296,'',0),(1318,205,34,'2023-01-22 03:21:04','2023-01-28 03:21:04','Porro.','Est alias.','09212336037','0018914373',3,4000000,1674370264,'paid',1297,'',0),(1319,205,22,'2023-01-25 03:21:04','2023-01-28 03:21:04','Esse.','Odio.','09212313215','0018914373',2,4000000,1674629464,'paid',1298,'',0),(1320,205,77,'2023-01-23 03:21:04','2023-01-28 03:21:04','Pariatur.','Dolores.','09212358084','0018914373',10,4000000,1674456664,'paid',1299,'',0),(1321,205,85,'2023-01-21 03:21:04','2023-01-28 03:21:04','Inventore.','Nihil.','09212335398','0018914373',8,4000000,1674283864,'paid',1300,'',0),(1322,205,105,'2023-01-22 03:21:05','2023-01-28 03:21:05','Vitae.','Quasi aut.','09212334383','0018914373',5,4000000,1674370265,'paid',1301,'',0),(1323,205,3,'2023-01-18 03:21:05','2023-01-28 03:21:05','Explicabo.','Rerum.','09212398280','0018914373',8,4000000,1674024665,'paid',1302,'',0),(1324,205,53,'2023-01-24 03:21:05','2023-01-28 03:21:05','Ipsam.','Autem.','09212368961','0018914373',7,4000000,1674543065,'paid',1303,'',0),(1325,205,33,'2023-01-19 03:21:06','2023-01-28 03:21:06','Ea.','Aut et ut.','09212325821','0018914373',1,4000000,1674111066,'paid',1304,'',0),(1326,205,20,'2023-01-18 03:21:06','2023-01-28 03:21:06','Tempora.','Sed.','09212339378','0018914373',5,4000000,1674024666,'paid',1305,'',0),(1327,205,7,'2023-01-24 03:21:06','2023-01-28 03:21:06','Aliquid.','Eligendi.','09212379931','0018914373',4,4000000,1674543066,'paid',1306,'',0),(1328,205,19,'2023-01-22 03:21:07','2023-01-28 03:21:07','Nemo.','Beatae.','09212316020','0018914373',7,4000000,1674370267,'paid',1307,'',0),(1329,205,72,'2023-01-23 03:21:07','2023-01-28 03:21:07','Aut.','Quidem et.','09212399286','0018914373',8,4000000,1674456667,'paid',1308,'',0),(1330,205,40,'2023-01-25 03:21:07','2023-01-28 03:21:07','Quis qui.','Quo aut.','09212324302','0018914373',4,4000000,1674629467,'paid',1309,'',0),(1331,205,7,'2023-01-21 03:21:07','2023-01-28 03:21:07','Dolorem.','Itaque.','09212350342','0018914373',2,4000000,1674283867,'paid',1310,'',0),(1332,205,74,'2023-01-18 03:21:08','2023-01-28 03:21:08','Quod.','Cum.','09212378836','0018914373',4,4000000,1674024668,'paid',1311,'',0),(1333,205,95,'2023-01-19 03:21:08','2023-01-28 03:21:08','Eveniet.','Adipisci.','09212361108','0018914373',6,4000000,1674111068,'paid',1312,'',0),(1334,205,98,'2023-01-20 03:21:08','2023-01-28 03:21:08','Commodi.','Eaque.','09212358123','0018914373',5,4000000,1674197468,'paid',1313,'',0),(1335,205,21,'2023-01-24 03:21:09','2023-01-28 03:21:09','Aliquam.','Maiores.','09212353224','0018914373',4,4000000,1674543069,'paid',1314,'',0),(1336,205,97,'2023-01-21 03:21:09','2023-01-28 03:21:09','Veniam.','Assumenda.','09212385095','0018914373',5,4000000,1674283869,'paid',1315,'',0),(1337,205,9,'2023-01-22 03:21:09','2023-01-28 03:21:09','Cum vel.','Odit qui.','09212368254','0018914373',4,4000000,1674370269,'paid',1316,'',0),(1338,205,69,'2023-01-23 03:21:09','2023-01-28 03:21:09','Sunt.','Incidunt.','09212356315','0018914373',8,4000000,1674456669,'paid',1317,'',0),(1339,205,25,'2023-01-25 03:21:10','2023-01-28 03:21:10','Est.','Quia.','09212360042','0018914373',8,4000000,1674629470,'paid',1318,'',0),(1340,205,74,'2023-01-20 03:21:10','2023-01-28 03:21:10','Molestiae.','Molestiae.','09212345685','0018914373',6,4000000,1674197470,'paid',1319,'',0),(1341,205,40,'2023-01-21 03:21:10','2023-01-28 03:21:10','Sit.','Sit ullam.','09212344682','0018914373',9,4000000,1674283870,'paid',1320,'',0),(1342,205,27,'2023-01-21 03:21:11','2023-01-28 03:21:11','Numquam.','Libero ea.','09212347257','0018914373',5,4000000,1674283871,'paid',1321,'',0),(1343,205,31,'2023-01-18 03:21:11','2023-01-28 03:21:11','Qui sit.','Inventore.','09212399729','0018914373',5,4000000,1674024671,'paid',1322,'',0),(1344,205,65,'2023-01-25 03:21:11','2023-01-28 03:21:11','Fugit.','Facere.','09212325030','0018914373',6,4000000,1674629471,'paid',1323,'',0),(1345,205,87,'2023-01-21 03:21:12','2023-01-28 03:21:12','Ut soluta.','Occaecati.','09212355088','0018914373',6,4000000,1674283872,'paid',1324,'',0),(1346,205,19,'2023-01-24 03:21:12','2023-01-28 03:21:12','Incidunt.','At.','09212352407','0018914373',2,4000000,1674543072,'paid',1325,'',0),(1347,205,47,'2023-01-22 03:21:12','2023-01-28 03:21:12','Quia aut.','Cum.','09212361790','0018914373',10,4000000,1674370272,'paid',1326,'',0),(1348,205,44,'2023-01-25 03:21:12','2023-01-28 03:21:12','In.','Velit.','09212399918','0018914373',4,4000000,1674629472,'paid',1327,'',0),(1349,205,3,'2023-01-21 03:21:13','2023-01-28 03:21:13','Fugit sed.','Corporis.','09212394654','0018914373',5,4000000,1674283873,'paid',1328,'',0),(1350,205,98,'2023-01-21 03:21:13','2023-01-28 03:21:13','Molestiae.','Tempora.','09212325026','0018914373',2,4000000,1674283873,'paid',1329,'',0),(1351,205,103,'2023-01-25 03:21:13','2023-01-28 03:21:13','Illum.','Possimus.','09212313256','0018914373',6,4000000,1674629473,'paid',1330,'',0),(1352,205,88,'2023-01-20 03:21:14','2023-01-28 03:21:14','Fugiat.','Dicta.','09212328016','0018914373',4,4000000,1674197474,'paid',1331,'',0),(1353,206,88,'2023-01-18 03:21:14','2023-01-28 03:21:14','Et ut.','Nihil.','09212368106','0018914373',8,4000000,1674024674,'paid',1332,'',0),(1354,206,56,'2023-01-21 03:21:14','2023-01-28 03:21:14','Tempora.','Rerum.','09212331867','0018914373',1,4000000,1674283874,'paid',1333,'',0),(1355,206,101,'2023-01-21 03:21:15','2023-01-28 03:21:15','Et.','Fuga.','09212354550','0018914373',10,4000000,1674283875,'paid',1334,'',0),(1356,206,45,'2023-01-21 03:21:15','2023-01-28 03:21:15','Officiis.','A facere.','09212338473','0018914373',9,4000000,1674283875,'paid',1335,'',0),(1357,206,21,'2023-01-21 03:21:15','2023-01-28 03:21:15','Dicta.','Fuga.','09212354612','0018914373',6,4000000,1674283875,'paid',1336,'',0),(1358,206,10,'2023-01-21 03:21:15','2023-01-28 03:21:15','Maxime.','Delectus.','09212332261','0018914373',2,4000000,1674283875,'paid',1337,'',0),(1359,206,23,'2023-01-19 03:21:16','2023-01-28 03:21:16','Velit.','Velit.','09212364179','0018914373',7,4000000,1674111076,'paid',1338,'',0),(1360,206,115,'2023-01-22 03:21:16','2023-01-28 03:21:16','At.','Sint.','09212398772','0018914373',6,4000000,1674370276,'paid',1339,'',0),(1361,206,117,'2023-01-24 03:21:16','2023-01-28 03:21:16','Porro.','Aut.','09212350053','0018914373',1,4000000,1674543076,'paid',1340,'',0),(1362,206,36,'2023-01-22 03:21:17','2023-01-28 03:21:17','Eos.','Et.','09212311539','0018914373',8,4000000,1674370277,'paid',1341,'',0),(1363,206,83,'2023-01-21 03:21:17','2023-01-28 03:21:17','Ullam.','Quia.','09212342267','0018914373',3,4000000,1674283877,'paid',1342,'',0),(1364,206,100,'2023-01-19 03:21:17','2023-01-28 03:21:17','Beatae.','Optio quo.','09212339741','0018914373',2,4000000,1674111077,'paid',1343,'',0),(1365,206,58,'2023-01-20 03:21:17','2023-01-28 03:21:17','Suscipit.','Suscipit.','09212313432','0018914373',9,4000000,1674197477,'paid',1344,'',0),(1366,206,16,'2023-01-20 03:21:18','2023-01-28 03:21:18','Placeat.','Incidunt.','09212397876','0018914373',8,4000000,1674197478,'paid',1345,'',0),(1367,206,62,'2023-01-25 03:21:18','2023-01-28 03:21:18','Assumenda.','Qui rerum.','09212337757','0018914373',10,4000000,1674629478,'paid',1346,'',0),(1368,206,4,'2023-01-25 03:21:18','2023-01-28 03:21:18','Illo.','Aliquam.','09212346374','0018914373',1,4000000,1674629478,'paid',1347,'',0),(1369,206,99,'2023-01-23 03:21:19','2023-01-28 03:21:19','Iste iste.','Enim.','09212370092','0018914373',1,4000000,1674456679,'paid',1348,'',0),(1370,206,111,'2023-01-25 03:21:19','2023-01-28 03:21:19','Excepturi.','Qui.','09212336938','0018914373',5,4000000,1674629479,'paid',1349,'',0),(1371,206,26,'2023-01-24 03:21:19','2023-01-28 03:21:19','Quidem et.','Ad sit.','09212387967','0018914373',5,4000000,1674543079,'paid',1350,'',0),(1372,206,95,'2023-01-23 03:21:20','2023-01-28 03:21:20','Eum.','Aut.','09212398147','0018914373',10,4000000,1674456680,'paid',1351,'',0),(1373,206,72,'2023-01-22 03:21:20','2023-01-28 03:21:20','Aperiam.','Ipsam non.','09212313485','0018914373',10,4000000,1674370280,'paid',1352,'',0),(1374,206,20,'2023-01-20 03:21:20','2023-01-28 03:21:20','Qui.','Illum.','09212391873','0018914373',5,4000000,1674197480,'paid',1353,'',0),(1375,206,17,'2023-01-21 03:21:21','2023-01-28 03:21:21','Eos illum.','Iure.','09212362100','0018914373',3,4000000,1674283881,'paid',1354,'',0),(1376,206,67,'2023-01-20 03:21:21','2023-01-28 03:21:21','Maxime.','Accusamus.','09212379285','0018914373',6,4000000,1674197481,'paid',1355,'',0),(1377,206,28,'2023-01-22 03:21:22','2023-01-28 03:21:22','Soluta.','Itaque.','09212358151','0018914373',9,4000000,1674370282,'paid',1356,'',0),(1378,206,75,'2023-01-18 03:21:22','2023-01-28 03:21:22','Sint vero.','Qui est.','09212396575','0018914373',10,4000000,1674024682,'paid',1357,'',0),(1379,206,96,'2023-01-22 03:21:22','2023-01-28 03:21:22','Dolor.','Quia et.','09212360977','0018914373',4,4000000,1674370282,'paid',1358,'',0),(1380,206,62,'2023-01-20 03:21:23','2023-01-28 03:21:23','Dolor.','Iusto.','09212334767','0018914373',4,4000000,1674197483,'paid',1359,'',0),(1381,206,84,'2023-01-22 03:21:23','2023-01-28 03:21:23','Magni.','Maxime.','09212363340','0018914373',2,4000000,1674370283,'paid',1360,'',0),(1382,206,30,'2023-01-23 03:21:23','2023-01-28 03:21:23','Animi.','Ea qui.','09212346714','0018914373',8,4000000,1674456683,'paid',1361,'',0),(1383,206,94,'2023-01-25 03:21:23','2023-01-28 03:21:23','Minus.','Qui.','09212387959','0018914373',9,4000000,1674629483,'paid',1362,'',0),(1384,206,99,'2023-01-25 03:21:24','2023-01-28 03:21:24','Quo.','Et omnis.','09212396099','0018914373',7,4000000,1674629484,'paid',1363,'',0),(1385,206,103,'2023-01-20 03:21:24','2023-01-28 03:21:24','Error qui.','Debitis.','09212387862','0018914373',9,4000000,1674197484,'paid',1364,'',0),(1386,206,78,'2023-01-18 03:21:25','2023-01-28 03:21:25','Porro.','Aut.','09212359830','0018914373',4,4000000,1674024685,'paid',1365,'',0),(1387,206,40,'2023-01-22 03:21:25','2023-01-28 03:21:25','Ratione.','Quia qui.','09212378425','0018914373',2,4000000,1674370285,'paid',1366,'',0),(1388,206,98,'2023-01-20 03:21:25','2023-01-28 03:21:25','In aut in.','Sit.','09212356787','0018914373',3,4000000,1674197485,'paid',1367,'',0),(1389,206,103,'2023-01-22 03:21:25','2023-01-28 03:21:25','Quia.','Assumenda.','09212335561','0018914373',6,4000000,1674370285,'paid',1368,'',0),(1390,206,93,'2023-01-25 03:21:26','2023-01-28 03:21:26','Ipsam.','Quia.','09212377980','0018914373',3,4000000,1674629486,'paid',1369,'',0),(1391,207,19,'2023-01-23 03:21:26','2023-01-28 03:21:26','Porro.','Excepturi.','09212375522','0018914373',3,4000000,1674456686,'paid',1370,'',0),(1392,207,101,'2023-01-23 03:21:26','2023-01-28 03:21:26','Quis.','Vero.','09212355787','0018914373',6,4000000,1674456686,'paid',1371,'',0),(1393,207,65,'2023-01-25 03:21:27','2023-01-28 03:21:27','Non natus.','Numquam.','09212333545','0018914373',6,4000000,1674629487,'paid',1372,'',0),(1394,207,57,'2023-01-24 03:21:27','2023-01-28 03:21:27','Voluptas.','Dicta aut.','09212378378','0018914373',2,4000000,1674543087,'paid',1373,'',0),(1395,207,77,'2023-01-25 03:21:27','2023-01-28 03:21:27','Non neque.','Numquam.','09212336768','0018914373',7,4000000,1674629487,'paid',1374,'',0),(1396,207,52,'2023-01-20 03:21:28','2023-01-28 03:21:28','Ipsum.','Ut quos.','09212346855','0018914373',8,4000000,1674197488,'paid',1375,'',0),(1397,207,9,'2023-01-22 03:21:28','2023-01-28 03:21:28','Ut omnis.','Laborum.','09212372072','0018914373',10,4000000,1674370288,'paid',1376,'',0),(1398,207,11,'2023-01-24 03:21:28','2023-01-28 03:21:28','Minima.','Veritatis.','09212340078','0018914373',6,4000000,1674543088,'paid',1377,'',0),(1399,207,118,'2023-01-21 03:21:28','2023-01-28 03:21:28','Earum.','Quis.','09212373398','0018914373',7,4000000,1674283888,'paid',1378,'',0),(1400,207,116,'2023-01-19 03:21:29','2023-01-28 03:21:29','Minus.','Ratione.','09212395347','0018914373',3,4000000,1674111089,'paid',1379,'',0),(1401,207,45,'2023-01-19 03:21:29','2023-01-28 03:21:29','Ut autem.','Libero.','09212337899','0018914373',7,4000000,1674111089,'paid',1380,'',0),(1402,207,23,'2023-01-21 03:21:29','2023-01-28 03:21:29','Alias.','Et.','09212328701','0018914373',9,4000000,1674283889,'paid',1381,'',0),(1403,207,29,'2023-01-24 03:21:30','2023-01-28 03:21:30','Culpa.','Dicta.','09212352148','0018914373',2,4000000,1674543090,'paid',1382,'',0),(1404,207,120,'2023-01-19 03:21:30','2023-01-28 03:21:30','Officiis.','Culpa.','09212395558','0018914373',6,4000000,1674111090,'paid',1383,'',0),(1405,207,25,'2023-01-23 03:21:30','2023-01-28 03:21:30','Quia et.','Dolores.','09212326467','0018914373',8,4000000,1674456690,'paid',1384,'',0),(1406,207,77,'2023-01-25 03:21:31','2023-01-28 03:21:31','Inventore.','Et et.','09212315484','0018914373',3,4000000,1674629491,'paid',1385,'',0),(1407,208,15,'2023-01-19 03:21:31','2023-01-28 03:21:31','Incidunt.','Dicta.','09212318725','0018914373',1,4000000,1674111091,'paid',1386,'',0),(1408,208,12,'2023-01-20 03:21:31','2023-01-28 03:21:31','Impedit.','Harum.','09212345325','0018914373',9,4000000,1674197491,'paid',1387,'',0),(1409,208,77,'2023-01-19 03:21:31','2023-01-28 03:21:31','Quasi.','Dolore.','09212311910','0018914373',4,4000000,1674111091,'paid',1388,'',0),(1410,208,69,'2023-01-19 03:21:32','2023-01-28 03:21:32','Et ipsa.','Voluptas.','09212392595','0018914373',4,4000000,1674111092,'paid',1389,'',0),(1411,208,119,'2023-01-19 03:21:32','2023-01-28 03:21:32','Aut autem.','Quis.','09212361905','0018914373',10,4000000,1674111092,'paid',1390,'',0),(1412,208,46,'2023-01-25 03:21:33','2023-01-28 03:21:33','Occaecati.','Similique.','09212340590','0018914373',10,4000000,1674629493,'paid',1391,'',0),(1413,208,117,'2023-01-23 03:21:33','2023-01-28 03:21:33','Et.','Vel.','09212315515','0018914373',2,4000000,1674456693,'paid',1392,'',0),(1414,208,25,'2023-01-21 03:21:33','2023-01-28 03:21:33','Accusamus.','Quas.','09212393458','0018914373',7,4000000,1674283893,'paid',1393,'',0),(1415,208,81,'2023-01-18 03:21:33','2023-01-28 03:21:33','Minus in.','Alias.','09212351842','0018914373',3,4000000,1674024693,'paid',1394,'',0),(1416,208,66,'2023-01-18 03:21:34','2023-01-28 03:21:34','Deleniti.','Nemo quis.','09212325753','0018914373',10,4000000,1674024694,'paid',1395,'',0),(1417,208,31,'2023-01-23 03:21:34','2023-01-28 03:21:34','Quo sit.','Ut.','09212323731','0018914373',8,4000000,1674456694,'paid',1396,'',0),(1418,208,103,'2023-01-22 03:21:35','2023-01-28 03:21:35','Est quod.','Maxime.','09212357210','0018914373',3,4000000,1674370295,'paid',1397,'',0),(1419,208,15,'2023-01-24 03:21:35','2023-01-28 03:21:35','Qui.','Dolores.','09212342866','0018914373',8,4000000,1674543095,'paid',1398,'',0),(1420,208,69,'2023-01-22 03:21:36','2023-01-28 03:21:36','Et.','Expedita.','09212395066','0018914373',4,4000000,1674370296,'paid',1399,'',0),(1421,208,4,'2023-01-20 03:21:36','2023-01-28 03:21:36','Odit modi.','Totam.','09212385679','0018914373',8,4000000,1674197496,'paid',1400,'',0),(1422,208,83,'2023-01-21 03:21:36','2023-01-28 03:21:36','Amet qui.','Ex.','09212351925','0018914373',8,4000000,1674283896,'paid',1401,'',0),(1423,208,66,'2023-01-24 03:21:37','2023-01-28 03:21:37','Dolor.','Explicabo.','09212396513','0018914373',8,4000000,1674543097,'paid',1402,'',0),(1424,208,15,'2023-01-20 03:21:37','2023-01-28 03:21:37','Itaque et.','Facere.','09212339903','0018914373',4,4000000,1674197497,'paid',1403,'',0),(1425,208,87,'2023-01-21 03:21:37','2023-01-28 03:21:37','Velit non.','Ut.','09212370807','0018914373',6,4000000,1674283897,'paid',1404,'',0),(1426,208,97,'2023-01-23 03:21:38','2023-01-28 03:21:38','Facilis.','Facilis.','09212322445','0018914373',8,4000000,1674456698,'paid',1405,'',0),(1427,208,87,'2023-01-25 03:21:38','2023-01-28 03:21:38','Maxime.','Dolores.','09212359871','0018914373',5,4000000,1674629498,'paid',1406,'',0),(1428,208,47,'2023-01-25 03:21:38','2023-01-28 03:21:38','Aut optio.','Minima.','09212365491','0018914373',10,4000000,1674629498,'paid',1407,'',0),(1429,208,89,'2023-01-24 03:21:38','2023-01-28 03:21:38','Sit.','Aperiam.','09212356055','0018914373',7,4000000,1674543098,'paid',1408,'',0),(1430,208,41,'2023-01-22 03:21:39','2023-01-28 03:21:39','Eius rem.','Minima ut.','09212394006','0018914373',8,4000000,1674370299,'paid',1409,'',0),(1431,208,66,'2023-01-18 03:21:39','2023-01-28 03:21:39','Dolor.','Quaerat.','09212334548','0018914373',3,4000000,1674024699,'paid',1410,'',0),(1432,208,58,'2023-01-25 03:21:40','2023-01-28 03:21:40','Corporis.','Explicabo.','09212332853','0018914373',1,4000000,1674629500,'paid',1411,'',0),(1433,208,66,'2023-01-21 03:21:40','2023-01-28 03:21:40','Et et et.','Maiores.','09212362320','0018914373',7,4000000,1674283900,'paid',1412,'',0),(1434,208,9,'2023-01-20 03:21:40','2023-01-28 03:21:40','Dolor.','Earum.','09212330443','0018914373',6,4000000,1674197500,'paid',1413,'',0),(1435,208,100,'2023-01-19 03:21:41','2023-01-28 03:21:41','Eos sed.','Dolorem.','09212365867','0018914373',5,4000000,1674111101,'paid',1414,'',0),(1436,208,6,'2023-01-21 03:21:41','2023-01-28 03:21:41','Sint ut.','Voluptas.','09212340776','0018914373',7,4000000,1674283901,'paid',1415,'',0),(1437,208,58,'2023-01-25 03:21:41','2023-01-28 03:21:41','Vel.','Natus eos.','09212311711','0018914373',2,4000000,1674629501,'paid',1416,'',0),(1438,208,63,'2023-01-25 03:21:42','2023-01-28 03:21:42','Officiis.','Vitae.','09212312080','0018914373',8,4000000,1674629502,'paid',1417,'',0),(1439,208,90,'2023-01-20 03:21:42','2023-01-28 03:21:42','Incidunt.','Vero.','09212333720','0018914373',2,4000000,1674197502,'paid',1418,'',0),(1440,208,8,'2023-01-19 03:21:42','2023-01-28 03:21:42','Excepturi.','Mollitia.','09212384955','0018914373',8,4000000,1674111102,'paid',1419,'',0),(1441,208,75,'2023-01-22 03:21:43','2023-01-28 03:21:43','Harum ea.','Ea.','09212311789','0018914373',10,4000000,1674370303,'paid',1420,'',0),(1442,208,66,'2023-01-22 03:21:43','2023-01-28 03:21:43','Et alias.','Quae.','09212333934','0018914373',5,4000000,1674370303,'paid',1421,'',0),(1443,208,92,'2023-01-21 03:21:43','2023-01-28 03:21:43','Aut iure.','Alias.','09212362341','0018914373',1,4000000,1674283903,'paid',1422,'',0),(1444,208,47,'2023-01-24 03:21:44','2023-01-28 03:21:44','Porro.','Nemo.','09212317545','0018914373',3,4000000,1674543104,'paid',1423,'',0),(1445,208,26,'2023-01-20 03:21:44','2023-01-28 03:21:44','Possimus.','Vel ut.','09212358172','0018914373',7,4000000,1674197504,'paid',1424,'',0),(1446,208,62,'2023-01-25 03:21:44','2023-01-28 03:21:44','Atque.','Nostrum.','09212330189','0018914373',6,4000000,1674629504,'paid',1425,'',0),(1447,208,24,'2023-01-21 03:21:44','2023-01-28 03:21:44','Non.','Qui sit.','09212365165','0018914373',9,4000000,1674283904,'paid',1426,'',0),(1448,208,18,'2023-01-20 03:21:45','2023-01-28 03:21:45','Nihil.','Ratione.','09212358924','0018914373',4,4000000,1674197505,'paid',1427,'',0),(1449,209,55,'2023-01-24 03:21:45','2023-01-28 03:21:45','Quaerat.','Modi.','09212317814','0018914373',6,4000000,1674543105,'paid',1428,'',0),(1450,209,39,'2023-01-22 03:21:45','2023-01-28 03:21:45','Minus.','Qui sed.','09212353134','0018914373',8,4000000,1674370305,'paid',1429,'',0),(1451,209,6,'2023-01-25 03:21:46','2023-01-28 03:21:46','Iste.','Minima.','09212366087','0018914373',9,4000000,1674629506,'paid',1430,'',0),(1452,209,96,'2023-01-24 03:21:46','2023-01-28 03:21:46','Nihil.','Et quo.','09212372266','0018914373',5,4000000,1674543106,'paid',1431,'',0),(1453,209,84,'2023-01-25 03:21:46','2023-01-28 03:21:46','Omnis et.','Incidunt.','09212327576','0018914373',2,4000000,1674629506,'paid',1432,'',0),(1454,209,46,'2023-01-25 03:21:46','2023-01-28 03:21:46','Quis.','Velit.','09212386772','0018914373',8,4000000,1674629506,'paid',1433,'',0),(1455,209,51,'2023-01-24 03:21:47','2023-01-28 03:21:47','Quaerat.','Eius.','09212345111','0018914373',6,4000000,1674543107,'paid',1434,'',0),(1456,209,49,'2023-01-25 03:21:47','2023-01-28 03:21:47','Rerum.','Quod.','09212315996','0018914373',10,4000000,1674629507,'paid',1435,'',0),(1457,209,38,'2023-01-18 03:21:47','2023-01-28 03:21:47','Et.','Qui ut.','09212389943','0018914373',2,4000000,1674024707,'paid',1436,'',0),(1458,209,6,'2023-01-22 03:21:48','2023-01-28 03:21:48','Ut nulla.','Sequi.','09212322724','0018914373',1,4000000,1674370308,'paid',1437,'',0),(1459,209,110,'2023-01-22 03:21:48','2023-01-28 03:21:48','Ut.','Non quo.','09212372133','0018914373',9,4000000,1674370308,'paid',1438,'',0),(1460,209,103,'2023-01-18 03:21:48','2023-01-28 03:21:48','Qui quae.','Voluptas.','09212389130','0018914373',6,4000000,1674024708,'paid',1439,'',0),(1461,209,117,'2023-01-24 03:21:49','2023-01-28 03:21:49','Est vitae.','Animi.','09212324440','0018914373',5,4000000,1674543109,'paid',1440,'',0),(1462,209,45,'2023-01-22 03:21:49','2023-01-28 03:21:49','Aut.','Nesciunt.','09212356205','0018914373',7,4000000,1674370309,'paid',1441,'',0),(1463,209,59,'2023-01-21 03:21:49','2023-01-28 03:21:49','Quod.','Commodi.','09212318664','0018914373',8,4000000,1674283909,'paid',1442,'',0),(1464,209,83,'2023-01-18 03:21:49','2023-01-28 03:21:49','Magnam.','Repellat.','09212383729','0018914373',5,4000000,1674024709,'paid',1443,'',0),(1465,209,97,'2023-01-18 03:21:50','2023-01-28 03:21:50','Fugit qui.','Veritatis.','09212366725','0018914373',1,4000000,1674024710,'paid',1444,'',0),(1466,209,10,'2023-01-23 03:21:50','2023-01-28 03:21:50','Autem nam.','Laborum.','09212386299','0018914373',1,4000000,1674456710,'paid',1445,'',0),(1467,209,29,'2023-01-23 03:21:50','2023-01-28 03:21:50','Unde illo.','Veritatis.','09212383873','0018914373',3,4000000,1674456710,'paid',1446,'',0),(1468,209,35,'2023-01-21 03:21:50','2023-01-28 03:21:50','Hic dolor.','Et.','09212349199','0018914373',8,4000000,1674283910,'paid',1447,'',0),(1469,209,77,'2023-01-19 03:21:51','2023-01-28 03:21:51','Iste.','Itaque.','09212370012','0018914373',7,4000000,1674111111,'paid',1448,'',0),(1470,209,86,'2023-01-20 03:21:51','2023-01-28 03:21:51','Iure.','Nulla.','09212361930','0018914373',10,4000000,1674197511,'paid',1449,'',0),(1471,209,106,'2023-01-25 03:21:51','2023-01-28 03:21:51','Autem ut.','Et.','09212363419','0018914373',4,4000000,1674629511,'paid',1450,'',0),(1472,209,116,'2023-01-22 03:21:52','2023-01-28 03:21:52','Aut quis.','Provident.','09212354202','0018914373',6,4000000,1674370312,'paid',1451,'',0),(1473,209,89,'2023-01-24 03:21:52','2023-01-28 03:21:52','Dicta.','Accusamus.','09212342601','0018914373',4,4000000,1674543112,'paid',1452,'',0),(1474,209,97,'2023-01-23 03:21:52','2023-01-28 03:21:52','Tempore.','Sit ad.','09212395052','0018914373',9,4000000,1674456712,'paid',1453,'',0),(1475,209,24,'2023-01-23 03:21:53','2023-01-28 03:21:53','Ipsa.','Est iure.','09212370486','0018914373',9,4000000,1674456713,'paid',1454,'',0),(1476,209,4,'2023-01-23 03:21:53','2023-01-28 03:21:53','Est eos.','Rerum et.','09212381236','0018914373',8,4000000,1674456713,'paid',1455,'',0),(1477,209,66,'2023-01-23 03:21:53','2023-01-28 03:21:53','Inventore.','Sint.','09212393466','0018914373',4,4000000,1674456713,'paid',1456,'',0),(1478,209,70,'2023-01-18 03:21:53','2023-01-28 03:21:53','Aut sequi.','Saepe.','09212390520','0018914373',3,4000000,1674024713,'paid',1457,'',0),(1479,209,101,'2023-01-22 03:21:54','2023-01-28 03:21:54','Natus cum.','Natus.','09212377214','0018914373',7,4000000,1674370314,'paid',1458,'',0),(1480,209,55,'2023-01-25 03:21:54','2023-01-28 03:21:54','Eveniet.','Expedita.','09212363231','0018914373',1,4000000,1674629514,'paid',1459,'',0),(1481,209,64,'2023-01-20 03:21:54','2023-01-28 03:21:54','Officia.','Rem nihil.','09212326838','0018914373',4,4000000,1674197514,'paid',1460,'',0),(1482,209,27,'2023-01-19 03:21:55','2023-01-28 03:21:55','Aut.','Ut beatae.','09212394537','0018914373',9,4000000,1674111115,'paid',1461,'',0),(1483,209,44,'2023-01-21 03:21:55','2023-01-28 03:21:55','Quisquam.','Vero ab.','09212371613','0018914373',4,4000000,1674283915,'paid',1462,'',0),(1484,209,24,'2023-01-22 03:21:55','2023-01-28 03:21:55','Et.','Magnam.','09212385617','0018914373',4,4000000,1674370315,'paid',1463,'',0),(1485,210,38,'2023-01-25 03:21:55','2023-01-28 03:21:55','Ipsa odio.','Iure.','09212346925','0018914373',3,4000000,1674629515,'paid',1464,'',0),(1486,210,20,'2023-01-25 03:21:56','2023-01-28 03:21:56','Sequi est.','Qui.','09212384570','0018914373',1,4000000,1674629516,'paid',1465,'',0),(1487,210,18,'2023-01-20 03:21:56','2023-01-28 03:21:56','Iusto.','Nam quia.','09212316057','0018914373',6,4000000,1674197516,'paid',1466,'',0),(1488,210,44,'2023-01-18 03:21:56','2023-01-28 03:21:56','Repellat.','A quo.','09212337099','0018914373',7,4000000,1674024716,'paid',1467,'',0),(1489,210,66,'2023-01-25 03:21:56','2023-01-28 03:21:56','Error.','Vel.','09212382825','0018914373',3,4000000,1674629516,'paid',1468,'',0),(1490,210,59,'2023-01-21 03:21:57','2023-01-28 03:21:57','Vero nam.','Ut quos.','09212343442','0018914373',6,4000000,1674283917,'paid',1469,'',0),(1491,210,7,'2023-01-18 03:21:57','2023-01-28 03:21:57','Ducimus.','Expedita.','09212328003','0018914373',8,4000000,1674024717,'paid',1470,'',0),(1492,210,75,'2023-01-24 03:21:57','2023-01-28 03:21:57','Nihil.','Aut totam.','09212336326','0018914373',5,4000000,1674543117,'paid',1471,'',0),(1493,210,55,'2023-01-24 03:21:58','2023-01-28 03:21:58','Illum.','Laborum.','09212389633','0018914373',8,4000000,1674543118,'paid',1472,'',0),(1494,210,43,'2023-01-18 03:21:58','2023-01-28 03:21:58','Nihil.','Beatae ea.','09212396743','0018914373',2,4000000,1674024718,'paid',1473,'',0),(1495,210,72,'2023-01-25 03:21:58','2023-01-28 03:21:58','Est quia.','Ut.','09212390463','0018914373',8,4000000,1674629518,'paid',1474,'',0),(1496,210,81,'2023-01-20 03:21:59','2023-01-28 03:21:59','Nisi.','Dolorum.','09212382145','0018914373',7,4000000,1674197519,'paid',1475,'',0),(1497,210,46,'2023-01-19 03:21:59','2023-01-28 03:21:59','Maiores.','Ex ut sit.','09212366462','0018914373',10,4000000,1674111119,'paid',1476,'',0),(1498,210,80,'2023-01-25 03:21:59','2023-01-28 03:21:59','Velit.','Libero.','09212376098','0018914373',10,4000000,1674629519,'paid',1477,'',0),(1499,210,71,'2023-01-25 03:22:00','2023-01-28 03:22:00','Ut quidem.','Ad nulla.','09212346235','0018914373',10,4000000,1674629520,'paid',1478,'',0),(1500,210,58,'2023-01-21 03:22:00','2023-01-28 03:22:00','Tempore.','In.','09212333300','0018914373',4,4000000,1674283920,'paid',1479,'',0),(1501,210,49,'2023-01-24 03:22:00','2023-01-28 03:22:00','Occaecati.','Maxime.','09212371813','0018914373',2,4000000,1674543120,'paid',1480,'',0),(1502,210,105,'2023-01-21 03:22:01','2023-01-28 03:22:01','Culpa qui.','Voluptas.','09212329579','0018914373',10,4000000,1674283921,'paid',1481,'',0),(1503,210,32,'2023-01-20 03:22:01','2023-01-28 03:22:01','Est sunt.','Quisquam.','09212342240','0018914373',8,4000000,1674197521,'paid',1482,'',0),(1504,210,83,'2023-01-22 03:22:01','2023-01-28 03:22:01','Optio sed.','Amet.','09212398646','0018914373',10,4000000,1674370321,'paid',1483,'',0),(1505,210,24,'2023-01-18 03:22:02','2023-01-28 03:22:02','Deserunt.','Et enim.','09212322730','0018914373',8,4000000,1674024722,'paid',1484,'',0),(1506,210,113,'2023-01-19 03:22:02','2023-01-28 03:22:02','In est.','Dolores.','09212354109','0018914373',7,4000000,1674111122,'paid',1485,'',0),(1507,210,43,'2023-01-18 03:22:02','2023-01-28 03:22:02','Illum.','Impedit.','09212330292','0018914373',10,4000000,1674024722,'paid',1486,'',0),(1508,210,59,'2023-01-22 03:22:03','2023-01-28 03:22:03','Eveniet.','Eligendi.','09212339768','0018914373',8,4000000,1674370323,'paid',1487,'',0),(1509,210,99,'2023-01-25 03:22:03','2023-01-28 03:22:03','Ea omnis.','Id veniam.','09212343240','0018914373',5,4000000,1674629523,'paid',1488,'',0),(1510,210,106,'2023-01-23 03:22:03','2023-01-28 03:22:03','Quae odio.','Tenetur.','09212334496','0018914373',5,4000000,1674456723,'paid',1489,'',0),(1511,210,82,'2023-01-18 03:22:04','2023-01-28 03:22:04','Aperiam.','Suscipit.','09212327188','0018914373',2,4000000,1674024724,'paid',1490,'',0),(1512,210,98,'2023-01-18 03:22:04','2023-01-28 03:22:04','Id.','Dolorum.','09212398546','0018914373',4,4000000,1674024724,'paid',1491,'',0),(1513,210,76,'2023-01-22 03:22:04','2023-01-28 03:22:04','Assumenda.','Ipsa non.','09212359627','0018914373',9,4000000,1674370324,'paid',1492,'',0),(1514,211,52,'2023-01-19 03:22:05','2023-01-28 03:22:05','Sunt vel.','Veniam.','09212399216','0018914373',4,4000000,1674111125,'paid',1493,'',0),(1515,211,37,'2023-01-25 03:22:05','2023-01-28 03:22:05','Dolor.','Quis.','09212380045','0018914373',10,4000000,1674629525,'paid',1494,'',0),(1516,211,75,'2023-01-19 03:22:05','2023-01-28 03:22:05','Facilis.','Saepe.','09212370106','0018914373',3,4000000,1674111125,'paid',1495,'',0),(1517,211,119,'2023-01-21 03:22:05','2023-01-28 03:22:05','Eveniet.','Rem.','09212314236','0018914373',9,4000000,1674283925,'paid',1496,'',0),(1518,211,38,'2023-01-24 03:22:06','2023-01-28 03:22:06','Aliquid.','Sed.','09212312203','0018914373',3,4000000,1674543126,'paid',1497,'',0),(1519,211,52,'2023-01-23 03:22:06','2023-01-28 03:22:06','Aut illum.','Nisi.','09212389112','0018914373',1,4000000,1674456726,'paid',1498,'',0),(1520,211,30,'2023-01-20 03:22:06','2023-01-28 03:22:06','Quo velit.','Sed.','09212391330','0018914373',4,4000000,1674197526,'paid',1499,'',0),(1521,211,29,'2023-01-22 03:22:07','2023-01-28 03:22:07','Aut natus.','Non sit.','09212330149','0018914373',5,4000000,1674370327,'paid',1500,'',0),(1522,211,48,'2023-01-20 03:22:07','2023-01-28 03:22:07','Sunt.','Voluptas.','09212346811','0018914373',3,4000000,1674197527,'paid',1501,'',0),(1523,211,102,'2023-01-20 03:22:07','2023-01-28 03:22:07','Ducimus.','Velit est.','09212327597','0018914373',2,4000000,1674197527,'paid',1502,'',0),(1524,211,4,'2023-01-20 03:22:08','2023-01-28 03:22:08','Quidem.','Voluptas.','09212389016','0018914373',6,4000000,1674197528,'paid',1503,'',0),(1525,211,76,'2023-01-23 03:22:08','2023-01-28 03:22:08','Et iste.','Itaque.','09212389353','0018914373',6,4000000,1674456728,'paid',1504,'',0),(1526,211,24,'2023-01-24 03:22:08','2023-01-28 03:22:08','Animi.','Est est.','09212350665','0018914373',9,4000000,1674543128,'paid',1505,'',0),(1527,211,56,'2023-01-22 03:22:08','2023-01-28 03:22:08','Dolorem.','Delectus.','09212333823','0018914373',7,4000000,1674370328,'paid',1506,'',0),(1528,211,30,'2023-01-24 03:22:09','2023-01-28 03:22:09','Quos.','Debitis.','09212378092','0018914373',9,4000000,1674543129,'paid',1507,'',0),(1529,211,64,'2023-01-21 03:22:09','2023-01-28 03:22:09','Rem quis.','Culpa.','09212363465','0018914373',9,4000000,1674283929,'paid',1508,'',0),(1530,211,81,'2023-01-20 03:22:09','2023-01-28 03:22:09','Iusto.','Suscipit.','09212391625','0018914373',6,4000000,1674197529,'paid',1509,'',0),(1531,211,63,'2023-01-25 03:22:10','2023-01-28 03:22:10','Sint.','Esse.','09212338912','0018914373',2,4000000,1674629530,'paid',1510,'',0),(1532,211,92,'2023-01-24 03:22:10','2023-01-28 03:22:10','Quos.','Qui qui.','09212366579','0018914373',9,4000000,1674543130,'paid',1511,'',0),(1533,211,90,'2023-01-22 03:22:10','2023-01-28 03:22:10','Nihil.','Eum.','09212380369','0018914373',9,4000000,1674370330,'paid',1512,'',0),(1534,211,112,'2023-01-20 03:22:11','2023-01-28 03:22:11','Dolor.','Atque.','09212391459','0018914373',5,4000000,1674197531,'paid',1513,'',0),(1535,211,56,'2023-01-25 03:22:11','2023-01-28 03:22:11','Officiis.','Dolores.','09212356498','0018914373',1,4000000,1674629531,'paid',1514,'',0),(1536,211,56,'2023-01-25 03:22:11','2023-01-28 03:22:11','Deleniti.','Molestiae.','09212394883','0018914373',1,4000000,1674629531,'paid',1515,'',0),(1537,211,68,'2023-01-22 03:22:12','2023-01-28 03:22:12','Et.','Quam in.','09212347089','0018914373',5,4000000,1674370332,'paid',1516,'',0),(1538,211,83,'2023-01-24 03:22:12','2023-01-28 03:22:12','Incidunt.','Est.','09212318315','0018914373',3,4000000,1674543132,'paid',1517,'',0),(1539,211,90,'2023-01-22 03:22:12','2023-01-28 03:22:12','Quo illo.','Debitis.','09212399764','0018914373',5,4000000,1674370332,'paid',1518,'',0),(1540,211,41,'2023-01-18 03:22:12','2023-01-28 03:22:12','Est omnis.','Deleniti.','09212372668','0018914373',8,4000000,1674024732,'paid',1519,'',0),(1541,211,14,'2023-01-24 03:22:13','2023-01-28 03:22:13','Sapiente.','Qui.','09212376126','0018914373',3,4000000,1674543133,'paid',1520,'',0),(1542,211,104,'2023-01-20 03:22:13','2023-01-28 03:22:13','Non ut.','Ut.','09212350992','0018914373',4,4000000,1674197533,'paid',1521,'',0),(1543,211,100,'2023-01-20 03:22:14','2023-01-28 03:22:14','Ipsum qui.','Id quidem.','09212378301','0018914373',9,4000000,1674197534,'paid',1522,'',0),(1544,211,67,'2023-01-25 03:22:14','2023-01-28 03:22:14','Est.','Magnam.','09212375403','0018914373',4,4000000,1674629534,'paid',1523,'',0),(1545,211,108,'2023-01-21 03:22:14','2023-01-28 03:22:14','Rerum.','Libero.','09212381062','0018914373',9,4000000,1674283934,'paid',1524,'',0),(1546,211,86,'2023-01-19 03:22:15','2023-01-28 03:22:15','Soluta.','Iure.','09212348911','0018914373',3,4000000,1674111135,'paid',1525,'',0),(1547,211,79,'2023-01-20 03:22:15','2023-01-28 03:22:15','Qui.','Fugiat.','09212313952','0018914373',10,4000000,1674197535,'paid',1526,'',0),(1548,211,111,'2023-01-23 03:22:16','2023-01-28 03:22:16','Optio.','Alias.','09212327336','0018914373',4,4000000,1674456736,'paid',1527,'',0),(1549,211,53,'2023-01-21 03:22:16','2023-01-28 03:22:16','Occaecati.','Assumenda.','09212348620','0018914373',8,4000000,1674283936,'paid',1528,'',0),(1550,211,42,'2023-01-21 03:22:16','2023-01-28 03:22:16','Quas.','Eos sit.','09212381967','0018914373',6,4000000,1674283936,'paid',1529,'',0),(1551,211,10,'2023-01-18 03:22:16','2023-01-28 03:22:16','Omnis.','Eum autem.','09212391737','0018914373',6,4000000,1674024736,'paid',1530,'',0),(1552,211,115,'2023-01-20 03:22:17','2023-01-28 03:22:17','Sunt id.','Quis et.','09212341941','0018914373',8,4000000,1674197537,'paid',1531,'',0),(1553,211,28,'2023-01-18 03:22:17','2023-01-28 03:22:17','Voluptas.','Aut et.','09212388006','0018914373',1,4000000,1674024737,'paid',1532,'',0),(1554,211,100,'2023-01-19 03:22:17','2023-01-28 03:22:17','Possimus.','Quisquam.','09212353997','0018914373',5,4000000,1674111137,'paid',1533,'',0),(1555,211,28,'2023-01-21 03:22:18','2023-01-28 03:22:18','At.','Omnis.','09212398455','0018914373',8,4000000,1674283938,'paid',1534,'',0),(1556,212,63,'2023-01-22 03:22:18','2023-01-28 03:22:18','Rem et.','Sed nulla.','09212319195','0018914373',3,4000000,1674370338,'paid',1535,'',0),(1557,212,11,'2023-01-22 03:22:18','2023-01-28 03:22:18','Sed.','Aut sed.','09212352259','0018914373',7,4000000,1674370338,'paid',1536,'',0),(1558,212,89,'2023-01-21 03:22:19','2023-01-28 03:22:19','Ut fugiat.','Quis.','09212388101','0018914373',9,4000000,1674283939,'paid',1537,'',0),(1559,212,43,'2023-01-20 03:22:19','2023-01-28 03:22:19','Velit.','Numquam.','09212376534','0018914373',6,4000000,1674197539,'paid',1538,'',0),(1560,212,43,'2023-01-20 03:22:19','2023-01-28 03:22:19','Dolorem.','Vero.','09212323599','0018914373',10,4000000,1674197539,'paid',1539,'',0),(1561,212,24,'2023-01-23 03:22:20','2023-01-28 03:22:20','Maiores.','Ut.','09212327939','0018914373',6,4000000,1674456740,'paid',1540,'',0),(1562,212,36,'2023-01-23 03:22:20','2023-01-28 03:22:20','Dicta.','Quia enim.','09212379240','0018914373',8,4000000,1674456740,'paid',1541,'',0),(1563,212,119,'2023-01-20 03:22:20','2023-01-28 03:22:20','At libero.','Facere.','09212359390','0018914373',8,4000000,1674197540,'paid',1542,'',0),(1564,212,18,'2023-01-20 03:22:20','2023-01-28 03:22:20','Non nisi.','Quia.','09212367126','0018914373',10,4000000,1674197540,'paid',1543,'',0),(1565,212,38,'2023-01-19 03:22:21','2023-01-28 03:22:21','Excepturi.','Et at.','09212375009','0018914373',8,4000000,1674111141,'paid',1544,'',0),(1566,212,99,'2023-01-18 03:22:21','2023-01-28 03:22:21','In et.','Ipsa id.','09212360976','0018914373',5,4000000,1674024741,'paid',1545,'',0),(1567,212,3,'2023-01-25 03:22:21','2023-01-28 03:22:21','Esse.','Ea omnis.','09212353628','0018914373',8,4000000,1674629541,'paid',1546,'',0),(1568,212,85,'2023-01-22 03:22:22','2023-01-28 03:22:22','Quia.','Nihil.','09212392682','0018914373',3,4000000,1674370342,'paid',1547,'',0),(1569,212,115,'2023-01-25 03:22:22','2023-01-28 03:22:22','Similique.','Non saepe.','09212396795','0018914373',9,4000000,1674629542,'paid',1548,'',0),(1570,212,74,'2023-01-19 03:22:22','2023-01-28 03:22:22','Aut.','Animi.','09212351559','0018914373',1,4000000,1674111142,'paid',1549,'',0),(1571,212,18,'2023-01-22 03:22:23','2023-01-28 03:22:23','Doloribus.','Qui aut.','09212389874','0018914373',10,4000000,1674370343,'paid',1550,'',0),(1572,212,52,'2023-01-19 03:22:23','2023-01-28 03:22:23','Quibusdam.','Qui.','09212382320','0018914373',3,4000000,1674111143,'paid',1551,'',0),(1573,212,112,'2023-01-21 03:22:23','2023-01-28 03:22:23','Sit.','Dolor sed.','09212348901','0018914373',8,4000000,1674283943,'paid',1552,'',0),(1574,212,105,'2023-01-21 03:22:23','2023-01-28 03:22:23','Numquam.','Vel quia.','09212375559','0018914373',10,4000000,1674283943,'paid',1553,'',0),(1575,212,57,'2023-01-19 03:22:24','2023-01-28 03:22:24','Quasi.','Id id.','09212314038','0018914373',3,4000000,1674111144,'paid',1554,'',0),(1576,212,119,'2023-01-22 03:22:24','2023-01-28 03:22:24','Ut.','Et.','09212346902','0018914373',7,4000000,1674370344,'paid',1555,'',0),(1577,212,45,'2023-01-18 03:22:24','2023-01-28 03:22:24','Error.','Iste.','09212321470','0018914373',10,4000000,1674024744,'paid',1556,'',0),(1578,212,14,'2023-01-20 03:22:25','2023-01-28 03:22:25','Totam.','Aut.','09212373568','0018914373',1,4000000,1674197545,'paid',1557,'',0),(1579,212,13,'2023-01-19 03:22:25','2023-01-28 03:22:25','Beatae.','Odit.','09212362998','0018914373',7,4000000,1674111145,'paid',1558,'',0),(1580,212,37,'2023-01-24 03:22:25','2023-01-28 03:22:25','Commodi.','Vitae non.','09212358383','0018914373',8,4000000,1674543145,'paid',1559,'',0),(1581,212,97,'2023-01-20 03:22:26','2023-01-28 03:22:26','Dolores.','Illo.','09212390082','0018914373',4,4000000,1674197546,'paid',1560,'',0),(1582,212,78,'2023-01-24 03:22:26','2023-01-28 03:22:26','Minus et.','Eveniet.','09212345595','0018914373',5,4000000,1674543146,'paid',1561,'',0),(1583,212,78,'2023-01-24 03:22:26','2023-01-28 03:22:26','Id.','Ad et vel.','09212330070','0018914373',7,4000000,1674543146,'paid',1562,'',0),(1584,212,71,'2023-01-25 03:22:26','2023-01-28 03:22:26','Id odio.','Autem.','09212357528','0018914373',3,4000000,1674629546,'paid',1563,'',0),(1585,212,36,'2023-01-23 03:22:27','2023-01-28 03:22:27','Id harum.','Itaque.','09212386713','0018914373',1,4000000,1674456747,'paid',1564,'',0),(1586,212,82,'2023-01-23 03:22:27','2023-01-28 03:22:27','Veritatis.','Quisquam.','09212318929','0018914373',5,4000000,1674456747,'paid',1565,'',0),(1587,212,112,'2023-01-21 03:22:27','2023-01-28 03:22:27','Eius.','Quae ea.','09212353268','0018914373',2,4000000,1674283947,'paid',1566,'',0),(1588,212,112,'2023-01-20 03:22:28','2023-01-28 03:22:28','Non quia.','Libero.','09212386768','0018914373',7,4000000,1674197548,'paid',1567,'',0),(1589,212,87,'2023-01-18 03:22:28','2023-01-28 03:22:28','Ut et et.','Illum.','09212351387','0018914373',1,4000000,1674024748,'paid',1568,'',0),(1590,212,68,'2023-01-20 03:22:28','2023-01-28 03:22:28','Ad.','Est dolor.','09212399272','0018914373',3,4000000,1674197548,'paid',1569,'',0),(1591,212,9,'2023-01-22 03:22:29','2023-01-28 03:22:29','Quo.','Sapiente.','09212332919','0018914373',8,4000000,1674370349,'paid',1570,'',0),(1592,212,17,'2023-01-23 03:22:29','2023-01-28 03:22:29','Deleniti.','Numquam.','09212348943','0018914373',1,4000000,1674456749,'paid',1571,'',0),(1593,212,113,'2023-01-23 03:22:29','2023-01-28 03:22:29','Quod.','Nihil.','09212367200','0018914373',1,4000000,1674456749,'paid',1572,'',0),(1594,212,54,'2023-01-20 03:22:30','2023-01-28 03:22:30','Deserunt.','Sapiente.','09212380857','0018914373',2,4000000,1674197550,'paid',1573,'',0),(1595,212,66,'2023-01-25 03:22:30','2023-01-28 03:22:30','Libero.','Rerum.','09212366537','0018914373',8,4000000,1674629550,'paid',1574,'',0),(1596,212,43,'2023-01-19 03:22:30','2023-01-28 03:22:30','Sed harum.','Pariatur.','09212333975','0018914373',1,4000000,1674111150,'paid',1575,'',0),(1597,212,18,'2023-01-25 03:22:30','2023-01-28 03:22:30','Debitis.','Suscipit.','09212325827','0018914373',1,4000000,1674629550,'paid',1576,'',0),(1598,212,5,'2023-01-22 03:22:31','2023-01-28 03:22:31','Est.','Laborum.','09212397316','0018914373',10,4000000,1674370351,'paid',1577,'',0),(1599,212,25,'2023-01-20 03:22:31','2023-01-28 03:22:31','Quaerat.','Eum qui.','09212334132','0018914373',8,4000000,1674197551,'paid',1578,'',0),(1600,212,110,'2023-01-21 03:22:31','2023-01-28 03:22:31','Qui.','Est.','09212342954','0018914373',3,4000000,1674283951,'paid',1579,'',0),(1601,213,115,'2023-01-24 03:22:32','2023-01-28 03:22:32','Et ut.','Beatae et.','09212384936','0018914373',10,4000000,1674543152,'paid',1580,'',0),(1602,213,119,'2023-01-20 03:22:32','2023-01-28 03:22:32','Quibusdam.','Molestias.','09212382674','0018914373',6,4000000,1674197552,'paid',1581,'',0),(1603,213,47,'2023-01-19 03:22:33','2023-01-28 03:22:33','Facilis.','Aut.','09212372382','0018914373',2,4000000,1674111153,'paid',1582,'',0),(1604,213,13,'2023-01-18 03:22:33','2023-01-28 03:22:33','Ab non.','Inventore.','09212395810','0018914373',7,4000000,1674024753,'paid',1583,'',0),(1605,213,70,'2023-01-21 03:22:33','2023-01-28 03:22:33','Excepturi.','Esse esse.','09212337092','0018914373',4,4000000,1674283953,'paid',1584,'',0),(1606,213,56,'2023-01-22 03:22:34','2023-01-28 03:22:34','Dolores.','Magnam in.','09212375393','0018914373',6,4000000,1674370354,'paid',1585,'',0),(1607,213,58,'2023-01-19 03:22:34','2023-01-28 03:22:34','Ut.','Ut sint.','09212372934','0018914373',2,4000000,1674111154,'paid',1586,'',0),(1608,213,32,'2023-01-21 03:22:34','2023-01-28 03:22:34','Hic.','Enim et.','09212320102','0018914373',6,4000000,1674283954,'paid',1587,'',0),(1609,213,88,'2023-01-24 03:22:35','2023-01-28 03:22:35','Eos vitae.','Unde a.','09212315446','0018914373',1,4000000,1674543155,'paid',1588,'',0),(1610,213,113,'2023-01-24 03:22:35','2023-01-28 03:22:35','Et libero.','Voluptas.','09212327652','0018914373',4,4000000,1674543155,'paid',1589,'',0),(1611,213,45,'2023-01-24 03:22:35','2023-01-28 03:22:35','Et est.','Molestiae.','09212362471','0018914373',2,4000000,1674543155,'paid',1590,'',0),(1612,213,10,'2023-01-25 03:22:36','2023-01-28 03:22:36','Officia.','Et.','09212316607','0018914373',4,4000000,1674629556,'paid',1591,'',0),(1613,213,106,'2023-01-19 03:22:36','2023-01-28 03:22:36','Debitis.','Vitae.','09212382359','0018914373',4,4000000,1674111156,'paid',1592,'',0),(1614,213,109,'2023-01-21 03:22:36','2023-01-28 03:22:36','Quia.','Illo.','09212316455','0018914373',8,4000000,1674283956,'paid',1593,'',0),(1615,213,87,'2023-01-19 03:22:36','2023-01-28 03:22:36','Illum.','Voluptas.','09212341242','0018914373',5,4000000,1674111156,'paid',1594,'',0),(1616,214,26,'2023-01-24 03:22:37','2023-01-28 03:22:37','Accusamus.','Fugiat.','09212366520','0018914373',3,4000000,1674543157,'paid',1595,'',0),(1617,214,112,'2023-01-22 03:22:37','2023-01-28 03:22:37','Nam quod.','Et.','09212334375','0018914373',2,4000000,1674370357,'paid',1596,'',0),(1618,214,105,'2023-01-19 03:22:37','2023-01-28 03:22:37','Doloribus.','Ut natus.','09212324005','0018914373',6,4000000,1674111157,'paid',1597,'',0),(1619,214,109,'2023-01-22 03:22:38','2023-01-28 03:22:38','Et.','Ut rerum.','09212390196','0018914373',1,4000000,1674370358,'paid',1598,'',0),(1620,214,59,'2023-01-20 03:22:38','2023-01-28 03:22:38','Officiis.','Atque.','09212398249','0018914373',7,4000000,1674197558,'paid',1599,'',0),(1621,214,65,'2023-01-24 03:22:38','2023-01-28 03:22:38','Nulla ea.','Quae.','09212318257','0018914373',9,4000000,1674543158,'paid',1600,'',0),(1622,214,58,'2023-01-24 03:22:39','2023-01-28 03:22:39','Esse eos.','Quos.','09212335366','0018914373',8,4000000,1674543159,'paid',1601,'',0),(1623,214,99,'2023-01-25 03:22:39','2023-01-28 03:22:39','Minus.','Similique.','09212316491','0018914373',3,4000000,1674629559,'paid',1602,'',0),(1624,214,44,'2023-01-18 03:22:39','2023-01-28 03:22:39','Deleniti.','Soluta.','09212393857','0018914373',10,4000000,1674024759,'paid',1603,'',0),(1625,214,14,'2023-01-20 03:22:39','2023-01-28 03:22:39','Qui culpa.','Facere a.','09212398839','0018914373',3,4000000,1674197559,'paid',1604,'',0),(1626,214,42,'2023-01-22 03:22:40','2023-01-28 03:22:40','Quasi.','Ullam.','09212381137','0018914373',10,4000000,1674370360,'paid',1605,'',0),(1627,214,23,'2023-01-21 03:22:40','2023-01-28 03:22:40','Velit.','Saepe.','09212391934','0018914373',5,4000000,1674283960,'paid',1606,'',0),(1628,214,53,'2023-01-24 03:22:40','2023-01-28 03:22:40','Cum omnis.','Quibusdam.','09212348045','0018914373',4,4000000,1674543160,'paid',1607,'',0),(1629,214,46,'2023-01-19 03:22:41','2023-01-28 03:22:41','Maxime.','Earum.','09212370582','0018914373',4,4000000,1674111161,'paid',1608,'',0),(1630,214,33,'2023-01-20 03:22:41','2023-01-28 03:22:41','Amet quis.','Ut.','09212325405','0018914373',1,4000000,1674197561,'paid',1609,'',0),(1631,214,37,'2023-01-24 03:22:41','2023-01-28 03:22:41','Accusamus.','Deleniti.','09212365497','0018914373',7,4000000,1674543161,'paid',1610,'',0),(1632,214,40,'2023-01-20 03:22:42','2023-01-28 03:22:42','Id ex.','Corporis.','09212390848','0018914373',5,4000000,1674197562,'paid',1611,'',0),(1633,214,11,'2023-01-23 03:22:42','2023-01-28 03:22:42','Natus.','Hic.','09212328812','0018914373',9,4000000,1674456762,'paid',1612,'',0),(1634,214,48,'2023-01-19 03:22:42','2023-01-28 03:22:42','Nisi.','Quas.','09212361045','0018914373',3,4000000,1674111162,'paid',1613,'',0),(1635,214,18,'2023-01-18 03:22:43','2023-01-28 03:22:43','Occaecati.','Hic aut.','09212312032','0018914373',10,4000000,1674024763,'paid',1614,'',0),(1636,214,77,'2023-01-23 03:22:43','2023-01-28 03:22:43','Alias.','Ea quod.','09212391926','0018914373',9,4000000,1674456763,'paid',1615,'',0),(1637,214,112,'2023-01-23 03:22:43','2023-01-28 03:22:43','Nulla.','Et minima.','09212335093','0018914373',5,4000000,1674456763,'paid',1616,'',0),(1638,214,12,'2023-01-20 03:22:44','2023-01-28 03:22:44','Est id.','Dicta.','09212342936','0018914373',5,4000000,1674197564,'paid',1617,'',0),(1639,215,15,'2023-01-20 03:22:44','2023-01-28 03:22:44','Fugiat ea.','Ab aut.','09212370907','0018914373',9,4000000,1674197564,'paid',1618,'',0),(1640,215,59,'2023-01-25 03:22:44','2023-01-28 03:22:44','Vitae.','Amet.','09212371113','0018914373',4,4000000,1674629564,'paid',1619,'',0),(1641,215,39,'2023-01-23 03:22:44','2023-01-28 03:22:44','Sed.','Dolor.','09212322322','0018914373',4,4000000,1674456764,'paid',1620,'',0),(1642,215,85,'2023-01-19 03:22:45','2023-01-28 03:22:45','Sit.','Sit.','09212377399','0018914373',10,4000000,1674111165,'paid',1621,'',0),(1643,215,106,'2023-01-25 03:22:45','2023-01-28 03:22:45','Qui.','Aliquam.','09212384589','0018914373',6,4000000,1674629565,'paid',1622,'',0),(1644,215,86,'2023-01-24 03:22:45','2023-01-28 03:22:45','Delectus.','Aliquid.','09212382915','0018914373',3,4000000,1674543165,'paid',1623,'',0),(1645,215,71,'2023-01-18 03:22:46','2023-01-28 03:22:46','Nulla sit.','In odio.','09212371839','0018914373',8,4000000,1674024766,'paid',1624,'',0),(1646,215,5,'2023-01-20 03:22:46','2023-01-28 03:22:46','Ipsa quos.','Rerum.','09212316548','0018914373',7,4000000,1674197566,'paid',1625,'',0),(1647,215,32,'2023-01-22 03:22:46','2023-01-28 03:22:46','Molestiae.','Rem rerum.','09212373138','0018914373',5,4000000,1674370366,'paid',1626,'',0),(1648,215,113,'2023-01-19 03:22:47','2023-01-28 03:22:47','Similique.','Debitis.','09212395329','0018914373',9,4000000,1674111167,'paid',1627,'',0),(1649,215,70,'2023-01-25 03:22:47','2023-01-28 03:22:47','Maiores.','Omnis.','09212351720','0018914373',7,4000000,1674629567,'paid',1628,'',0),(1650,215,71,'2023-01-18 03:22:47','2023-01-28 03:22:47','Omnis.','Officiis.','09212382960','0018914373',7,4000000,1674024767,'paid',1629,'',0),(1651,215,11,'2023-01-21 03:22:48','2023-01-28 03:22:48','Ab.','Est animi.','09212383699','0018914373',6,4000000,1674283968,'paid',1630,'',0),(1652,215,91,'2023-01-20 03:22:48','2023-01-28 03:22:48','Numquam.','Odio enim.','09212320576','0018914373',6,4000000,1674197568,'paid',1631,'',0),(1653,215,37,'2023-01-19 03:22:48','2023-01-28 03:22:48','Maxime.','Mollitia.','09212396342','0018914373',2,4000000,1674111168,'paid',1632,'',0),(1654,215,33,'2023-01-25 03:22:48','2023-01-28 03:22:48','Iusto.','Nesciunt.','09212379462','0018914373',7,4000000,1674629568,'paid',1633,'',0),(1655,215,15,'2023-01-22 03:22:49','2023-01-28 03:22:49','Cum.','Maiores.','09212372055','0018914373',1,4000000,1674370369,'paid',1634,'',0),(1656,215,24,'2023-01-21 03:22:49','2023-01-28 03:22:49','Dolor.','Ex ea.','09212322154','0018914373',8,4000000,1674283969,'paid',1635,'',0),(1657,215,106,'2023-01-21 03:22:49','2023-01-28 03:22:49','Aut a.','Et.','09212321421','0018914373',1,4000000,1674283969,'paid',1636,'',0),(1658,215,110,'2023-01-21 03:22:50','2023-01-28 03:22:50','Et atque.','Explicabo.','09212384869','0018914373',2,4000000,1674283970,'paid',1637,'',0),(1659,215,77,'2023-01-23 03:22:50','2023-01-28 03:22:50','Culpa.','In.','09212321545','0018914373',8,4000000,1674456770,'paid',1638,'',0),(1660,215,116,'2023-01-18 03:22:50','2023-01-28 03:22:50','At.','Qui omnis.','09212344572','0018914373',4,4000000,1674024770,'paid',1639,'',0),(1661,215,7,'2023-01-19 03:22:51','2023-01-28 03:22:51','Placeat.','Fugiat.','09212315492','0018914373',10,4000000,1674111171,'paid',1640,'',0),(1662,215,70,'2023-01-18 03:22:51','2023-01-28 03:22:51','Odit aut.','Quae.','09212311300','0018914373',9,4000000,1674024771,'paid',1641,'',0),(1663,215,118,'2023-01-18 03:22:51','2023-01-28 03:22:51','Et.','Qui.','09212392358','0018914373',2,4000000,1674024771,'paid',1642,'',0),(1664,215,55,'2023-01-22 03:22:52','2023-01-28 03:22:52','Ea.','Amet.','09212386295','0018914373',7,4000000,1674370372,'paid',1643,'',0),(1665,215,33,'2023-01-25 03:22:52','2023-01-28 03:22:52','Amet.','Dolores.','09212381357','0018914373',6,4000000,1674629572,'paid',1644,'',0),(1666,215,25,'2023-01-24 03:22:52','2023-01-28 03:22:52','Fuga.','Eum alias.','09212319272','0018914373',1,4000000,1674543172,'paid',1645,'',0),(1667,215,64,'2023-01-21 03:22:52','2023-01-28 03:22:52','Sed ex.','Corporis.','09212334465','0018914373',5,4000000,1674283972,'paid',1646,'',0),(1668,215,67,'2023-01-21 03:22:53','2023-01-28 03:22:53','Ut aut.','Beatae.','09212365493','0018914373',6,4000000,1674283973,'paid',1647,'',0),(1669,215,31,'2023-01-21 03:22:53','2023-01-28 03:22:53','Doloribus.','Tempore.','09212313874','0018914373',7,4000000,1674283973,'paid',1648,'',0),(1670,216,7,'2023-01-20 03:22:54','2023-01-28 03:22:54','Maxime ea.','Veniam.','09212342439','0018914373',3,4000000,1674197574,'paid',1649,'',0),(1671,216,83,'2023-01-19 03:22:54','2023-01-28 03:22:54','Maxime.','Sed qui.','09212341986','0018914373',2,4000000,1674111174,'paid',1650,'',0),(1672,216,98,'2023-01-21 03:22:54','2023-01-28 03:22:54','Officia.','Enim.','09212327605','0018914373',6,4000000,1674283974,'paid',1651,'',0),(1673,216,117,'2023-01-19 03:22:55','2023-01-28 03:22:55','Qui nihil.','Minus qui.','09212373660','0018914373',10,4000000,1674111175,'paid',1652,'',0),(1674,216,111,'2023-01-23 03:22:55','2023-01-28 03:22:55','Quam eos.','Et.','09212342252','0018914373',1,4000000,1674456775,'paid',1653,'',0),(1675,216,87,'2023-01-24 03:22:55','2023-01-28 03:22:55','Omnis.','Tempore.','09212366072','0018914373',5,4000000,1674543175,'paid',1654,'',0),(1676,216,56,'2023-01-21 03:22:55','2023-01-28 03:22:55','Quisquam.','Quas.','09212361672','0018914373',1,4000000,1674283975,'paid',1655,'',0),(1677,216,117,'2023-01-23 03:22:56','2023-01-28 03:22:56','Doloribus.','Velit.','09212371497','0018914373',4,4000000,1674456776,'paid',1656,'',0),(1678,216,58,'2023-01-25 03:22:56','2023-01-28 03:22:56','Dolores.','Optio.','09212334167','0018914373',3,4000000,1674629576,'paid',1657,'',0),(1679,216,5,'2023-01-19 03:22:56','2023-01-28 03:22:56','Esse ipsa.','Numquam.','09212326621','0018914373',5,4000000,1674111176,'paid',1658,'',0),(1680,216,86,'2023-01-22 03:22:57','2023-01-28 03:22:57','Numquam.','Culpa sit.','09212314246','0018914373',2,4000000,1674370377,'paid',1659,'',0),(1681,216,67,'2023-01-21 03:22:57','2023-01-28 03:22:57','Et.','Cum.','09212349410','0018914373',10,4000000,1674283977,'paid',1660,'',0),(1682,217,30,'2023-01-21 03:22:57','2023-01-28 03:22:57','Dolorem.','Qui sed.','09212364895','0018914373',10,4000000,1674283977,'paid',1661,'',0),(1683,217,12,'2023-01-20 03:22:58','2023-01-28 03:22:58','Facere ea.','Omnis.','09212390591','0018914373',5,4000000,1674197578,'paid',1662,'',0),(1684,217,23,'2023-01-24 03:22:58','2023-01-28 03:22:58','Dolor.','Itaque.','09212393631','0018914373',8,4000000,1674543178,'paid',1663,'',0),(1685,217,18,'2023-01-23 03:22:58','2023-01-28 03:22:58','Et ea.','Voluptas.','09212371058','0018914373',1,4000000,1674456778,'paid',1664,'',0),(1686,217,110,'2023-01-19 03:22:59','2023-01-28 03:22:59','Excepturi.','Occaecati.','09212376689','0018914373',7,4000000,1674111179,'paid',1665,'',0),(1687,217,40,'2023-01-23 03:22:59','2023-01-28 03:22:59','Dolorum.','Dolorem.','09212323867','0018914373',5,4000000,1674456779,'paid',1666,'',0),(1688,217,56,'2023-01-25 03:22:59','2023-01-28 03:22:59','Odio.','Eveniet.','09212336332','0018914373',6,4000000,1674629579,'paid',1667,'',0),(1689,217,49,'2023-01-18 03:23:00','2023-01-28 03:23:00','Iusto.','Eum nisi.','09212392957','0018914373',2,4000000,1674024780,'paid',1668,'',0),(1690,217,79,'2023-01-25 03:23:00','2023-01-28 03:23:00','Facere.','Iste.','09212343149','0018914373',1,4000000,1674629580,'paid',1669,'',0),(1691,217,29,'2023-01-19 03:23:00','2023-01-28 03:23:00','Quia.','Mollitia.','09212371878','0018914373',5,4000000,1674111180,'paid',1670,'',0),(1692,217,65,'2023-01-23 03:23:01','2023-01-28 03:23:01','Eum.','Quam vero.','09212322279','0018914373',10,4000000,1674456781,'paid',1671,'',0),(1693,217,27,'2023-01-22 03:23:01','2023-01-28 03:23:01','Quam.','Enim modi.','09212358854','0018914373',6,4000000,1674370381,'paid',1672,'',0),(1694,217,22,'2023-01-21 03:23:01','2023-01-28 03:23:01','Atque.','Et fuga.','09212313315','0018914373',7,4000000,1674283981,'paid',1673,'',0),(1695,217,103,'2023-01-18 03:23:02','2023-01-28 03:23:02','Corrupti.','Quibusdam.','09212379617','0018914373',5,4000000,1674024782,'paid',1674,'',0),(1696,217,82,'2023-01-19 03:23:02','2023-01-28 03:23:02','Autem aut.','A fugit.','09212389877','0018914373',1,4000000,1674111182,'paid',1675,'',0),(1697,217,40,'2023-01-21 03:23:02','2023-01-28 03:23:02','Esse non.','Deleniti.','09212325753','0018914373',3,4000000,1674283982,'paid',1676,'',0),(1698,217,68,'2023-01-23 03:23:03','2023-01-28 03:23:03','Voluptas.','Aut.','09212373154','0018914373',5,4000000,1674456783,'paid',1677,'',0),(1699,217,45,'2023-01-18 03:23:03','2023-01-28 03:23:03','Dolorum.','Tempore.','09212362649','0018914373',7,4000000,1674024783,'paid',1678,'',0),(1700,217,13,'2023-01-19 03:23:03','2023-01-28 03:23:03','Expedita.','Sed et.','09212399499','0018914373',1,4000000,1674111183,'paid',1679,'',0),(1701,217,71,'2023-01-23 03:23:04','2023-01-28 03:23:04','Quo.','Sapiente.','09212329035','0018914373',6,4000000,1674456784,'paid',1680,'',0),(1702,217,91,'2023-01-19 03:23:04','2023-01-28 03:23:04','Animi ab.','Ut eum.','09212388634','0018914373',3,4000000,1674111184,'paid',1681,'',0),(1703,217,68,'2023-01-18 03:23:04','2023-01-28 03:23:04','Vel ut.','Mollitia.','09212376464','0018914373',1,4000000,1674024784,'paid',1682,'',0),(1704,217,18,'2023-01-21 03:23:05','2023-01-28 03:23:05','Libero.','Quasi at.','09212393016','0018914373',7,4000000,1674283985,'paid',1683,'',0),(1705,217,18,'2023-01-18 03:23:05','2023-01-28 03:23:05','Assumenda.','Vel sed.','09212355772','0018914373',7,4000000,1674024785,'paid',1684,'',0),(1706,217,64,'2023-01-18 03:23:05','2023-01-28 03:23:05','Natus et.','Ut.','09212319115','0018914373',2,4000000,1674024785,'paid',1685,'',0),(1707,217,85,'2023-01-21 03:23:06','2023-01-28 03:23:06','Sed.','Nihil nam.','09212374594','0018914373',3,4000000,1674283986,'paid',1686,'',0),(1708,217,67,'2023-01-23 03:23:06','2023-01-28 03:23:06','Porro eum.','Quaerat.','09212375376','0018914373',10,4000000,1674456786,'paid',1687,'',0),(1709,217,66,'2023-01-24 03:23:06','2023-01-28 03:23:06','Rerum.','Quibusdam.','09212348261','0018914373',4,4000000,1674543186,'paid',1688,'',0),(1710,217,116,'2023-01-18 03:23:06','2023-01-28 03:23:06','Et sunt.','Soluta.','09212347000','0018914373',4,4000000,1674024786,'paid',1689,'',0),(1711,217,47,'2023-01-23 03:23:07','2023-01-28 03:23:07','Aut.','Quas iure.','09212368706','0018914373',3,4000000,1674456787,'paid',1690,'',0),(1712,217,90,'2023-01-18 03:23:07','2023-01-28 03:23:07','Harum.','Beatae.','09212345640','0018914373',9,4000000,1674024787,'paid',1691,'',0),(1713,217,48,'2023-01-20 03:23:07','2023-01-28 03:23:07','Eos eos.','Tenetur.','09212388700','0018914373',7,4000000,1674197587,'paid',1692,'',0),(1714,217,61,'2023-01-22 03:23:08','2023-01-28 03:23:08','Porro.','Nesciunt.','09212359133','0018914373',7,4000000,1674370388,'paid',1693,'',0),(1715,217,116,'2023-01-24 03:23:08','2023-01-28 03:23:08','Quos in.','Suscipit.','09212367687','0018914373',9,4000000,1674543188,'paid',1694,'',0),(1716,217,87,'2023-01-19 03:23:08','2023-01-28 03:23:08','Omnis.','Officia.','09212353151','0018914373',9,4000000,1674111188,'paid',1695,'',0),(1717,217,39,'2023-01-22 03:23:08','2023-01-28 03:23:08','Minus et.','Velit.','09212331023','0018914373',5,4000000,1674370388,'paid',1696,'',0),(1718,217,112,'2023-01-24 03:23:09','2023-01-28 03:23:09','Dolor ea.','Atque.','09212373828','0018914373',10,4000000,1674543189,'paid',1697,'',0),(1719,217,80,'2023-01-23 03:23:09','2023-01-28 03:23:09','Quasi.','Hic est.','09212385512','0018914373',3,4000000,1674456789,'paid',1698,'',0),(1720,217,107,'2023-01-23 03:23:09','2023-01-28 03:23:09','Eum.','Velit et.','09212362928','0018914373',10,4000000,1674456789,'paid',1699,'',0),(1721,217,19,'2023-01-18 03:23:10','2023-01-28 03:23:10','Molestiae.','Magnam.','09212357782','0018914373',6,4000000,1674024790,'paid',1700,'',0),(1722,217,85,'2023-01-18 03:23:10','2023-01-28 03:23:10','Sunt.','A dolores.','09212323607','0018914373',4,4000000,1674024790,'paid',1701,'',0),(1723,217,16,'2023-01-25 03:23:10','2023-01-28 03:23:10','Harum.','Est illum.','09212354717','0018914373',2,4000000,1674629590,'paid',1702,'',0),(1724,217,110,'2023-01-24 03:23:11','2023-01-28 03:23:11','Quia.','Ut ut.','09212352580','0018914373',5,4000000,1674543191,'paid',1703,'',0),(1725,217,88,'2023-01-19 03:23:11','2023-01-28 03:23:11','Error.','Tempore a.','09212321882','0018914373',8,4000000,1674111191,'paid',1704,'',0),(1726,217,58,'2023-01-25 03:23:11','2023-01-28 03:23:11','Eveniet.','Qui eum.','09212335657','0018914373',5,4000000,1674629591,'paid',1705,'',0),(1727,217,36,'2023-01-18 03:23:12','2023-01-28 03:23:12','Earum aut.','Ducimus.','09212357576','0018914373',1,4000000,1674024792,'paid',1706,'',0),(1728,217,56,'2023-01-19 03:23:12','2023-01-28 03:23:12','Sit.','Modi sed.','09212398423','0018914373',9,4000000,1674111192,'paid',1707,'',0),(1729,217,91,'2023-01-19 03:23:12','2023-01-28 03:23:12','Quia.','Libero.','09212363105','0018914373',10,4000000,1674111192,'paid',1708,'',0),(1730,217,78,'2023-01-18 03:23:13','2023-01-28 03:23:13','Ad sit.','Tempora.','09212360185','0018914373',6,4000000,1674024793,'paid',1709,'',0),(1731,217,76,'2023-01-19 03:23:13','2023-01-28 03:23:13','Sit quod.','Iusto.','09212359540','0018914373',3,4000000,1674111193,'paid',1710,'',0),(1732,218,88,'2023-01-21 03:23:13','2023-01-28 03:23:13','Qui.','Id.','09212393628','0018914373',9,4000000,1674283993,'paid',1711,'',0),(1733,218,37,'2023-01-21 03:23:14','2023-01-28 03:23:14','Est et.','Ducimus.','09212321371','0018914373',1,4000000,1674283994,'paid',1712,'',0),(1734,218,93,'2023-01-25 03:23:14','2023-01-28 03:23:14','Dolores.','Est.','09212396514','0018914373',10,4000000,1674629594,'paid',1713,'',0),(1735,218,19,'2023-01-19 03:23:14','2023-01-28 03:23:14','Quam quae.','Ut.','09212330071','0018914373',2,4000000,1674111194,'paid',1714,'',0),(1736,218,72,'2023-01-21 03:23:15','2023-01-28 03:23:15','Ut eum.','Id autem.','09212339448','0018914373',4,4000000,1674283995,'paid',1715,'',0),(1737,218,109,'2023-01-20 03:23:15','2023-01-28 03:23:15','Ipsa.','Ex.','09212347679','0018914373',4,4000000,1674197595,'paid',1716,'',0),(1738,218,66,'2023-01-25 03:23:15','2023-01-28 03:23:15','Soluta.','Earum.','09212398978','0018914373',5,4000000,1674629595,'paid',1717,'',0),(1739,218,51,'2023-01-20 03:23:15','2023-01-28 03:23:16','Ducimus.','Quia qui.','09212390218','0018914373',6,4000000,1674197595,'paid',1718,'',0),(1740,218,102,'2023-01-24 03:23:16','2023-01-28 03:23:16','Veritatis.','Ea vel.','09212384666','0018914373',3,4000000,1674543196,'paid',1719,'',0),(1741,218,24,'2023-01-22 03:23:16','2023-01-28 03:23:16','Ea qui et.','Dicta.','09212335784','0018914373',2,4000000,1674370396,'paid',1720,'',0),(1742,218,118,'2023-01-25 03:23:16','2023-01-28 03:23:16','Aliquam.','Beatae.','09212365566','0018914373',4,4000000,1674629596,'paid',1721,'',0),(1743,218,77,'2023-01-22 03:23:17','2023-01-28 03:23:17','Omnis.','At.','09212376752','0018914373',8,4000000,1674370397,'paid',1722,'',0),(1744,218,16,'2023-01-24 03:23:17','2023-01-28 03:23:17','Hic.','Qui.','09212353584','0018914373',10,4000000,1674543197,'paid',1723,'',0),(1745,218,11,'2023-01-24 03:23:17','2023-01-28 03:23:17','Modi eos.','Qui.','09212383089','0018914373',4,4000000,1674543197,'paid',1724,'',0),(1746,218,44,'2023-01-20 03:23:18','2023-01-28 03:23:18','Non non.','Earum aut.','09212358563','0018914373',5,4000000,1674197598,'paid',1725,'',0),(1747,218,43,'2023-01-23 03:23:18','2023-01-28 03:23:18','Commodi.','Tempora.','09212311409','0018914373',6,4000000,1674456798,'paid',1726,'',0),(1748,218,75,'2023-01-21 03:23:18','2023-01-28 03:23:18','Expedita.','Adipisci.','09212322236','0018914373',1,4000000,1674283998,'paid',1727,'',0),(1749,218,30,'2023-01-24 03:23:19','2023-01-28 03:23:19','Placeat.','Rerum.','09212341898','0018914373',8,4000000,1674543199,'paid',1728,'',0),(1750,218,37,'2023-01-20 03:23:19','2023-01-28 03:23:19','Aperiam.','Aliquam.','09212360526','0018914373',1,4000000,1674197599,'paid',1729,'',0),(1751,218,82,'2023-01-25 03:23:20','2023-01-28 03:23:20','Quos sint.','Eaque.','09212357082','0018914373',8,4000000,1674629600,'paid',1730,'',0),(1752,218,16,'2023-01-18 03:23:20','2023-01-28 03:23:20','Dolorem.','Et minima.','09212367722','0018914373',2,4000000,1674024800,'paid',1731,'',0),(1753,218,69,'2023-01-21 03:23:21','2023-01-28 03:23:21','Voluptas.','Dolorem.','09212323043','0018914373',8,4000000,1674284001,'paid',1732,'',0),(1754,218,9,'2023-01-22 03:23:21','2023-01-28 03:23:21','Sit nobis.','Sint.','09212358682','0018914373',1,4000000,1674370401,'paid',1733,'',0),(1755,218,59,'2023-01-18 03:23:21','2023-01-28 03:23:21','Veritatis.','Id velit.','09212326361','0018914373',6,4000000,1674024801,'paid',1734,'',0),(1756,218,107,'2023-01-23 03:23:22','2023-01-28 03:23:22','In sunt.','Sunt quod.','09212311170','0018914373',1,4000000,1674456802,'paid',1735,'',0),(1757,218,85,'2023-01-25 03:23:22','2023-01-28 03:23:22','In.','Sequi et.','09212347851','0018914373',8,4000000,1674629602,'paid',1736,'',0),(1758,218,116,'2023-01-25 03:23:22','2023-01-28 03:23:22','Ut nemo.','Inventore.','09212338450','0018914373',7,4000000,1674629602,'paid',1737,'',0),(1759,218,92,'2023-01-19 03:23:22','2023-01-28 03:23:22','Et.','Adipisci.','09212324554','0018914373',1,4000000,1674111202,'paid',1738,'',0),(1760,218,105,'2023-01-22 03:23:23','2023-01-28 03:23:23','Nesciunt.','Aperiam.','09212374205','0018914373',1,4000000,1674370403,'paid',1739,'',0),(1761,218,94,'2023-01-23 03:23:23','2023-01-28 03:23:23','Illo.','Libero.','09212381503','0018914373',8,4000000,1674456803,'paid',1740,'',0),(1762,218,48,'2023-01-25 03:23:23','2023-01-28 03:23:23','Et.','Et aut.','09212329566','0018914373',1,4000000,1674629603,'paid',1741,'',0),(1763,218,89,'2023-01-24 03:23:24','2023-01-28 03:23:24','Itaque.','Molestiae.','09212372807','0018914373',1,4000000,1674543204,'paid',1742,'',0),(1764,218,103,'2023-01-20 03:23:24','2023-01-28 03:23:24','Explicabo.','Et facere.','09212345987','0018914373',9,4000000,1674197604,'paid',1743,'',0),(1765,218,47,'2023-01-18 03:23:24','2023-01-28 03:23:24','Ab.','Enim.','09212362011','0018914373',10,4000000,1674024804,'paid',1744,'',0),(1766,218,22,'2023-01-23 03:23:24','2023-01-28 03:23:24','Et rerum.','Ea.','09212318044','0018914373',4,4000000,1674456804,'paid',1745,'',0),(1767,218,38,'2023-01-24 03:23:25','2023-01-28 03:23:25','Ut.','Labore.','09212339662','0018914373',3,4000000,1674543205,'paid',1746,'',0),(1768,218,18,'2023-01-18 03:23:25','2023-01-28 03:23:25','Dolorum.','Explicabo.','09212367618','0018914373',4,4000000,1674024805,'paid',1747,'',0),(1769,218,35,'2023-01-21 03:23:25','2023-01-28 03:23:25','Ad fugiat.','Atque.','09212349658','0018914373',9,4000000,1674284005,'paid',1748,'',0),(1770,218,97,'2023-01-18 03:23:26','2023-01-28 03:23:26','Illum ex.','Omnis.','09212328111','0018914373',9,4000000,1674024806,'paid',1749,'',0),(1771,218,64,'2023-01-19 03:23:26','2023-01-28 03:23:26','Provident.','Quasi.','09212383205','0018914373',9,4000000,1674111206,'paid',1750,'',0),(1772,218,68,'2023-01-19 03:23:26','2023-01-28 03:23:26','Autem.','Omnis rem.','09212363730','0018914373',9,4000000,1674111206,'paid',1751,'',0),(1773,218,95,'2023-01-19 03:23:26','2023-01-28 03:23:26','Sapiente.','Non iure.','09212346606','0018914373',2,4000000,1674111206,'paid',1752,'',0),(1774,218,108,'2023-01-21 03:23:27','2023-01-28 03:23:27','Nesciunt.','Ullam est.','09212364557','0018914373',1,4000000,1674284007,'paid',1753,'',0),(1775,218,91,'2023-01-23 03:23:27','2023-01-28 03:23:27','Sint.','Ratione.','09212346051','0018914373',4,4000000,1674456807,'paid',1754,'',0),(1776,218,25,'2023-01-21 03:23:27','2023-01-28 03:23:27','Aut.','Modi.','09212337061','0018914373',1,4000000,1674284007,'paid',1755,'',0);
/*!40000 ALTER TABLE `event_buyers` ENABLE KEYS */;
UNLOCK TABLES;

--
-- Table structure for table `event_comments`
--

DROP TABLE IF EXISTS `event_comments`;
/*!40101 SET @saved_cs_client     = @@character_set_client */;
/*!50503 SET character_set_client = utf8mb4 */;
CREATE TABLE `event_comments` (
  `id` int unsigned NOT NULL AUTO_INCREMENT,
  `event_id` int unsigned NOT NULL,
  `rate` smallint unsigned NOT NULL,
  `msg` varchar(255) COLLATE utf8mb4_unicode_ci DEFAULT NULL,
  `is_bookmark` tinyint(1) DEFAULT NULL,
  `positive` varchar(255) COLLATE utf8mb4_unicode_ci DEFAULT NULL,
  `negative` varchar(255) COLLATE utf8mb4_unicode_ci DEFAULT NULL,
  `status` tinyint(1) NOT NULL DEFAULT '0',
  `created_at` timestamp NULL DEFAULT NULL,
  `updated_at` timestamp NULL DEFAULT NULL,
  `user_id` int unsigned NOT NULL,
  `confirmed_at` timestamp NULL DEFAULT NULL,
  PRIMARY KEY (`id`),
  KEY `event_comments_event_id_index` (`event_id`),
  KEY `event_comments_user_id_index` (`user_id`),
  CONSTRAINT `event_comments_event_id_foreign` FOREIGN KEY (`event_id`) REFERENCES `events` (`id`),
  CONSTRAINT `event_comments_user_id_foreign` FOREIGN KEY (`user_id`) REFERENCES `miras`.`users` (`id`) ON DELETE CASCADE ON UPDATE CASCADE
) ENGINE=InnoDB AUTO_INCREMENT=5 DEFAULT CHARSET=utf8mb4 COLLATE=utf8mb4_unicode_ci;
/*!40101 SET character_set_client = @saved_cs_client */;

--
-- Dumping data for table `event_comments`
--

LOCK TABLES `event_comments` WRITE;
/*!40000 ALTER TABLE `event_comments` DISABLE KEYS */;
INSERT INTO `event_comments` VALUES (1,176,3,'qweq',NULL,'dwq$$$___$$$dwq','e2',1,'2023-01-09 09:21:46','2023-01-21 08:46:39',3,'2023-01-21 08:46:39'),(2,186,2,'dqw',NULL,'wd','qw',1,'2023-01-18 07:56:00','2023-01-18 07:56:31',118,'2023-01-18 07:56:31'),(3,186,3,'desc',NULL,'pos','neg',1,'2023-01-18 08:00:38','2023-01-18 08:00:48',120,'2023-01-18 08:00:48'),(4,176,4,'weewqewq',NULL,'weqewq','231321',1,'2023-01-21 08:45:51','2023-01-21 08:46:43',118,'2023-01-21 08:46:43');
/*!40000 ALTER TABLE `event_comments` ENABLE KEYS */;
UNLOCK TABLES;

--
-- Table structure for table `event_facilities`
--

DROP TABLE IF EXISTS `event_facilities`;
/*!40101 SET @saved_cs_client     = @@character_set_client */;
/*!50503 SET character_set_client = utf8mb4 */;
CREATE TABLE `event_facilities` (
  `id` int unsigned NOT NULL AUTO_INCREMENT,
  `label` varchar(255) COLLATE utf8mb4_unicode_ci NOT NULL,
  `visibility` tinyint(1) NOT NULL DEFAULT '1',
  PRIMARY KEY (`id`)
) ENGINE=InnoDB AUTO_INCREMENT=7 DEFAULT CHARSET=utf8mb4 COLLATE=utf8mb4_unicode_ci;
/*!40101 SET character_set_client = @saved_cs_client */;

--
-- Dumping data for table `event_facilities`
--

LOCK TABLES `event_facilities` WRITE;
/*!40000 ALTER TABLE `event_facilities` DISABLE KEYS */;
INSERT INTO `event_facilities` VALUES (2,'ddd',1),(6,'qw',1);
/*!40000 ALTER TABLE `event_facilities` ENABLE KEYS */;
UNLOCK TABLES;

--
-- Table structure for table `event_galleries`
--

DROP TABLE IF EXISTS `event_galleries`;
/*!40101 SET @saved_cs_client     = @@character_set_client */;
/*!50503 SET character_set_client = utf8mb4 */;
CREATE TABLE `event_galleries` (
  `id` int unsigned NOT NULL AUTO_INCREMENT,
  `event_id` int unsigned NOT NULL,
  `img` varchar(255) COLLATE utf8mb4_unicode_ci NOT NULL,
  `alt` varchar(255) COLLATE utf8mb4_unicode_ci DEFAULT NULL,
  `priority` smallint unsigned NOT NULL,
  PRIMARY KEY (`id`),
  KEY `event_galleries_event_id_index` (`event_id`),
  CONSTRAINT `event_galleries_event_id_foreign` FOREIGN KEY (`event_id`) REFERENCES `events` (`id`)
) ENGINE=InnoDB AUTO_INCREMENT=21 DEFAULT CHARSET=utf8mb4 COLLATE=utf8mb4_unicode_ci;
/*!40101 SET character_set_client = @saved_cs_client */;

--
-- Dumping data for table `event_galleries`
--

LOCK TABLES `event_galleries` WRITE;
/*!40000 ALTER TABLE `event_galleries` DISABLE KEYS */;
/*!40000 ALTER TABLE `event_galleries` ENABLE KEYS */;
UNLOCK TABLES;

--
-- Table structure for table `event_sessions`
--

DROP TABLE IF EXISTS `event_sessions`;
/*!40101 SET @saved_cs_client     = @@character_set_client */;
/*!50503 SET character_set_client = utf8mb4 */;
CREATE TABLE `event_sessions` (
  `id` int unsigned NOT NULL AUTO_INCREMENT,
  `event_id` int unsigned NOT NULL,
  `start` varchar(20) COLLATE utf8mb4_unicode_ci NOT NULL DEFAULT 'CURRENT_TIMESTAMP',
  `end` varchar(20) COLLATE utf8mb4_unicode_ci NOT NULL DEFAULT 'CURRENT_TIMESTAMP',
  PRIMARY KEY (`id`),
  KEY `event_sessions_event_id_index` (`event_id`),
  CONSTRAINT `event_sessions_event_id_foreign` FOREIGN KEY (`event_id`) REFERENCES `events` (`id`)
) ENGINE=InnoDB AUTO_INCREMENT=15 DEFAULT CHARSET=utf8mb4 COLLATE=utf8mb4_unicode_ci;
/*!40101 SET character_set_client = @saved_cs_client */;

--
-- Dumping data for table `event_sessions`
--

LOCK TABLES `event_sessions` WRITE;
/*!40000 ALTER TABLE `event_sessions` DISABLE KEYS */;
INSERT INTO `event_sessions` VALUES (5,155,'1672722180','1672891500'),(7,187,'1673983800','1674071400'),(8,187,'1674065700','1674149700'),(9,186,'1674077400','1674163800'),(11,157,'1673804160','1673807820'),(12,186,'1674408900','1674499200'),(13,186,'1674509400','1674514500'),(14,186,'1674585000','1674664800');
/*!40000 ALTER TABLE `event_sessions` ENABLE KEYS */;
UNLOCK TABLES;

--
-- Table structure for table `event_tags`
--

DROP TABLE IF EXISTS `event_tags`;
/*!40101 SET @saved_cs_client     = @@character_set_client */;
/*!50503 SET character_set_client = utf8mb4 */;
CREATE TABLE `event_tags` (
  `id` int unsigned NOT NULL AUTO_INCREMENT,
  `label` varchar(255) COLLATE utf8mb4_unicode_ci NOT NULL,
  `visibility` tinyint(1) NOT NULL DEFAULT '1',
  PRIMARY KEY (`id`)
) ENGINE=InnoDB AUTO_INCREMENT=7 DEFAULT CHARSET=utf8mb4 COLLATE=utf8mb4_unicode_ci;
/*!40101 SET character_set_client = @saved_cs_client */;

--
-- Dumping data for table `event_tags`
--

LOCK TABLES `event_tags` WRITE;
/*!40000 ALTER TABLE `event_tags` DISABLE KEYS */;
INSERT INTO `event_tags` VALUES (3,'wwdassa',1),(4,'aaa',1),(5,'bbb',1),(6,'vvd',1);
/*!40000 ALTER TABLE `event_tags` ENABLE KEYS */;
UNLOCK TABLES;

--
-- Table structure for table `events`
--

DROP TABLE IF EXISTS `events`;
/*!40101 SET @saved_cs_client     = @@character_set_client */;
/*!50503 SET character_set_client = utf8mb4 */;
CREATE TABLE `events` (
  `id` int unsigned NOT NULL AUTO_INCREMENT,
  `title` varchar(255) COLLATE utf8mb4_unicode_ci NOT NULL,
  `start_registry` int unsigned DEFAULT NULL,
  `end_registry` int unsigned DEFAULT NULL,
  `off` mediumint unsigned DEFAULT NULL,
  `off_type` enum('percent','value') COLLATE utf8mb4_unicode_ci DEFAULT NULL,
  `off_expiration` int unsigned DEFAULT NULL,
  `tags` varchar(255) COLLATE utf8mb4_unicode_ci DEFAULT NULL,
  `img` varchar(255) COLLATE utf8mb4_unicode_ci DEFAULT NULL,
  `alt` varchar(255) COLLATE utf8mb4_unicode_ci DEFAULT NULL,
  `facilities` varchar(255) COLLATE utf8mb4_unicode_ci DEFAULT NULL,
  `slug` varchar(255) COLLATE utf8mb4_unicode_ci DEFAULT NULL,
  `digest` mediumtext COLLATE utf8mb4_unicode_ci,
  `keywords` mediumtext COLLATE utf8mb4_unicode_ci,
  `seo_tags` mediumtext COLLATE utf8mb4_unicode_ci,
  `description` longtext CHARACTER SET utf8mb4 COLLATE utf8mb4_unicode_ci,
  `ticket_description` longtext COLLATE utf8mb4_unicode_ci,
  `age_description` longtext COLLATE utf8mb4_unicode_ci,
  `level_description` longtext COLLATE utf8mb4_unicode_ci,
  `visibility` tinyint(1) NOT NULL DEFAULT '1',
  `is_in_top_list` tinyint(1) NOT NULL DEFAULT '0',
  `rate` double(8,2) unsigned DEFAULT NULL,
  `seen` int unsigned NOT NULL DEFAULT '0',
  `sell_count` mediumint unsigned NOT NULL DEFAULT '0',
  `rate_count` mediumint unsigned NOT NULL DEFAULT '0',
  `comment_count` mediumint unsigned NOT NULL DEFAULT '0',
  `new_comment_count` mediumint unsigned NOT NULL DEFAULT '0',
  `capacity` mediumint unsigned DEFAULT NULL,
  `price` int unsigned DEFAULT NULL,
  `address` varchar(255) CHARACTER SET utf8mb4 COLLATE utf8mb4_unicode_ci DEFAULT NULL,
  `email` varchar(255) CHARACTER SET utf8mb4 COLLATE utf8mb4_unicode_ci DEFAULT NULL,
  `site` varchar(255) CHARACTER SET utf8mb4 COLLATE utf8mb4_unicode_ci DEFAULT NULL,
  `phone` varchar(255) CHARACTER SET utf8mb4 COLLATE utf8mb4_unicode_ci DEFAULT NULL,
  `x` double DEFAULT NULL,
  `y` double DEFAULT NULL,
  `priority` mediumint unsigned NOT NULL DEFAULT '100',
  `city_id` int unsigned DEFAULT NULL,
  `launcher_id` int unsigned NOT NULL,
  `created_at` timestamp NULL DEFAULT NULL,
  `updated_at` timestamp NULL DEFAULT NULL,
  `status` enum('pending','confirmed','rejected','init') COLLATE utf8mb4_unicode_ci DEFAULT 'init',
  `language` varchar(255) COLLATE utf8mb4_unicode_ci NOT NULL,
  `link` varchar(255) COLLATE utf8mb4_unicode_ci DEFAULT NULL,
  `postal_code` varchar(255) COLLATE utf8mb4_unicode_ci DEFAULT NULL,
  PRIMARY KEY (`id`),
  KEY `events_launcher_id_index` (`launcher_id`),
  KEY `events_city_id_index` (`city_id`),
  CONSTRAINT `events_city_id_foreign` FOREIGN KEY (`city_id`) REFERENCES `cities` (`id`),
  CONSTRAINT `events_launcher_id_foreign` FOREIGN KEY (`launcher_id`) REFERENCES `launchers` (`id`)
) ENGINE=InnoDB AUTO_INCREMENT=219 DEFAULT CHARSET=utf8mb4 COLLATE=utf8mb4_unicode_ci;
/*!40101 SET character_set_client = @saved_cs_client */;

--
-- Dumping data for table `events`
--

LOCK TABLES `events` WRITE;
/*!40000 ALTER TABLE `events` DISABLE KEYS */;
INSERT INTO `events` VALUES (155,'Darrell Ziemann',1676276340,1678004340,NULL,'percent',NULL,'dassa_dassa_dassa',NULL,NULL,'qw_qw_ttt',NULL,NULL,NULL,NULL,'Quod in quam laudantium ut ex atque vitae nostrum. Est omnis quasi laudantium ad. Dolorem repellendus ducimus vitae quia modi accusamus. Cumque ut soluta suscipit rerum.',NULL,'child','local',1,1,NULL,4,0,0,0,0,10,440000,'96191 Domenick Mission Apt. 064\nNorth Mohamedburgh, MO 95404','larissa.satterfield@terry.com','http://www.douglas.com/tempore-et-quidem-est-nihil','54453453_45445565',54.62,-32.01,20,NULL,34,'2022-12-25 04:49:56','2023-01-09 03:41:59','confirmed','en_fr_fa','http://williamson.com/',NULL),(157,'Prof. Sydni Lubowitz V',1676276396,1678004396,13,'percent',14020101,'aaa_dassa_bbb',NULL,NULL,NULL,NULL,NULL,NULL,NULL,'Repudiandae velit ex ducimus est. Non rerum ullam ipsam maiores sit hic. Ea esse accusamus quia expedita iusto optio voluptates. Temporibus sapiente et nostrum quod.',NULL,'adult','local',1,0,NULL,0,0,0,0,0,18,500000,'96191 Domenick Mission Apt. 064\nNorth Mohamedburgh, MO 95404','larissa.satterfield@terry.com','http://www.douglas.com/tempore-et-quidem-est-nihil','762-683-7707',54.62,-32.01,9,1,34,'2022-12-25 04:49:56','2023-01-09 03:42:01','confirmed','fr_ar_en',NULL,NULL),(158,'Dr. Jazmyne Kohler III',1676276396,1678004396,NULL,'percent',NULL,'bbb_dassa_aaa_dassa',NULL,NULL,'ttt',NULL,NULL,NULL,NULL,'Eligendi dolores ducimus eum accusantium ducimus enim nihil. Id ipsam atque sapiente. Dolorem soluta quis magnam vel commodi.',NULL,'teen','state',1,0,NULL,0,0,0,0,0,4,420000,'2006 Streich Shore Suite 680\nSchowaltertown, HI 95803-7754','hilda.feest@lind.net','http://www.pollich.info/dolor-est-impedit-aspernatur-est-cumque-in-voluptatum-quia','1-386-217-4339',82.69,10.87,6,1,34,'2022-12-25 04:49:57','2023-01-09 03:42:15','confirmed','tr',NULL,NULL),(159,'Koby Deckow',1670228396,1671092396,NULL,'percent',NULL,'bbb_aaa_bbb',NULL,NULL,NULL,NULL,NULL,NULL,NULL,'Magnam perspiciatis doloribus et officiis qui. Voluptas aperiam ut fuga.',NULL,'teen','local',1,1,NULL,0,0,0,0,0,4,460000,'797 Grant Forks Apt. 152\nPort Estelltown, HI 36132','msmith@hotmail.com','http://ward.com/nulla-at-quo-perspiciatis-quos.html','260-994-3004',-7.33,31.29,21,1,34,'2022-12-25 04:49:57','2022-12-25 04:49:57','rejected','fa_tr',NULL,NULL),(160,'Erik Daniel',1676276396,1678004396,NULL,'percent',NULL,'dassa_dassa_bbb_bbb',NULL,NULL,'ttt_ttt_ttt_ttt',NULL,NULL,NULL,NULL,'Aliquid autem voluptatum placeat et. Et recusandae voluptatum eum consequatur id et. Tempora expedita facilis quidem incidunt accusantium et quia.',NULL,'old','local',0,0,NULL,0,0,0,0,0,7,390000,'797 Grant Forks Apt. 152\nPort Estelltown, HI 36132','msmith@hotmail.com','http://ward.com/nulla-at-quo-perspiciatis-quos.html','260-994-3004',-7.33,31.29,28,NULL,34,'2022-12-25 04:49:57','2022-12-25 04:49:57','rejected','tr_fa_fr_en','http://boyle.com/',NULL),(161,'Carlos Mayert MD',1676276396,1678004396,NULL,'percent',NULL,'dassa_bbb_aaa',NULL,NULL,'ttt',NULL,NULL,NULL,NULL,'Cumque omnis rerum libero eum qui doloremque repudiandae. Ut quis tempore magni quae labore tenetur et. Dignissimos omnis sunt rerum qui ut. Aut quo minima rerum eveniet quos nisi officiis ea.','Aut quae laudantium eos nostrum qui autem. Accusantium ex consequatur repellat tempora consequatur hic. Porro voluptas nostrum fuga est aperiam.','adult','pro',1,1,NULL,2,0,0,0,0,11,330000,'2006 Streich Shore Suite 680\nSchowaltertown, HI 95803-7754','hilda.feest@lind.net','http://www.pollich.info/dolor-est-impedit-aspernatur-est-cumque-in-voluptatum-quia','1-386-217-4339',82.69,10.87,6,NULL,34,'2022-12-25 04:49:57','2023-01-02 07:40:42','confirmed','en','http://abshire.net/alias-aut-voluptatem-placeat-labore-quos.html',NULL),(162,'Maida Shanahan',1676276396,1678004396,NULL,'percent',NULL,'dassa_aaa_dassa_dassa_aaa',NULL,NULL,'ttt_qw_ttt_ttt',NULL,NULL,NULL,NULL,'Nisi quidem laudantium non voluptatibus molestias odio dolor. Modi eaque est quam velit mollitia impedit.',NULL,'adult','state',1,0,NULL,0,0,0,0,0,15,180000,'96191 Domenick Mission Apt. 064\nNorth Mohamedburgh, MO 95404','larissa.satterfield@terry.com','http://www.douglas.com/tempore-et-quidem-est-nihil','762-683-7707',54.62,-32.01,19,1,34,'2022-12-25 04:49:57','2022-12-25 04:49:57','confirmed','tr_fr_fa',NULL,NULL),(163,'Prof. Jamar Williamson V',1670228396,1671092396,NULL,'percent',NULL,'aaa_dassa',NULL,NULL,NULL,NULL,NULL,NULL,NULL,'Dolorem unde laboriosam vitae nihil culpa. Nostrum sed in veritatis repellendus consequuntur sed. Reiciendis dolores et fugiat deserunt maiores alias nihil. Aliquid aut dolores autem nam.',NULL,'all','national',0,0,NULL,0,0,0,0,0,1,140000,'96191 Domenick Mission Apt. 064\nNorth Mohamedburgh, MO 95404','larissa.satterfield@terry.com','http://www.douglas.com/tempore-et-quidem-est-nihil','762-683-7707',54.62,-32.01,4,1,34,'2022-12-25 04:49:57','2022-12-25 04:49:57','confirmed','fr',NULL,NULL),(164,'Eulah Monahan',1670228396,1671092396,NULL,'percent',NULL,'bbb_bbb_dassa_dassa',NULL,NULL,'qw_ttt_ttt_qw',NULL,NULL,NULL,NULL,'Esse consequatur sequi eius. Nisi exercitationem mollitia quasi eum illo nihil. Soluta odio amet recusandae autem blanditiis ipsam omnis.',NULL,'child','national',0,0,NULL,0,0,0,0,0,12,490000,'96191 Domenick Mission Apt. 064\nNorth Mohamedburgh, MO 95404','larissa.satterfield@terry.com','http://www.douglas.com/tempore-et-quidem-est-nihil','762-683-7707',54.62,-32.01,2,1,34,'2022-12-25 04:49:57','2022-12-25 04:49:57','confirmed','fr',NULL,NULL),(165,'Bridie Ward',1676276396,1678004396,16,'percent',14020101,'dassa_bbb_aaa_bbb_aaa',NULL,NULL,'qw_ttt_qw',NULL,NULL,NULL,NULL,'Amet nam repellendus eveniet qui qui ab accusantium iusto. Magnam nisi nobis inventore. Aut illum sint nobis debitis nihil. Minus repellat ex minima autem atque.',NULL,'all','local',1,0,NULL,0,0,0,0,0,15,400000,'96191 Domenick Mission Apt. 064\nNorth Mohamedburgh, MO 95404','larissa.satterfield@terry.com','http://www.douglas.com/tempore-et-quidem-est-nihil','762-683-7707',54.62,-32.01,13,NULL,34,'2022-12-25 04:49:57','2022-12-25 04:49:57','confirmed','fa_tr_fr_en','http://ebert.com/molestiae-beatae-est-aut',NULL),(166,'Nellie Stoltenberg',1670228396,1671092396,16,'percent',14020101,'aaa_bbb_dassa_bbb',NULL,NULL,'ttt',NULL,NULL,NULL,NULL,'Vitae qui et distinctio dolores repellat. Voluptas odit velit alias quasi ut quam nemo. Vitae ut omnis odio fugit impedit est nostrum. Exercitationem quisquam quisquam ullam autem assumenda.','Aliquam minima et est exercitationem ipsum et placeat repellendus. Deleniti nihil ipsa ducimus odio. Magni et fugit consequatur et quasi eum. Expedita aliquid rerum alias vitae.','all','local',1,1,NULL,0,0,0,0,0,8,400000,'96191 Domenick Mission Apt. 064\nNorth Mohamedburgh, MO 95404','larissa.satterfield@terry.com','http://www.douglas.com/tempore-et-quidem-est-nihil','762-683-7707',54.62,-32.01,2,1,34,'2022-12-25 04:49:58','2022-12-25 04:49:58','confirmed','ar_en',NULL,NULL),(167,'Camren Haag',1670228396,1671092396,NULL,'percent',NULL,'dassa_aaa_dassa_aaa_dassa',NULL,NULL,NULL,NULL,NULL,NULL,NULL,'Consequatur qui unde et et. Non in eligendi totam molestiae culpa est voluptatem optio.','Asperiores voluptatem aut suscipit quisquam aut. Nihil modi iure labore et dolore sunt nostrum.','all','local',1,1,NULL,0,0,0,0,0,24,120000,'96191 Domenick Mission Apt. 064\nNorth Mohamedburgh, MO 95404','larissa.satterfield@terry.com','http://www.douglas.com/tempore-et-quidem-est-nihil','762-683-7707',54.62,-32.01,23,NULL,34,'2022-12-25 04:49:58','2022-12-25 04:49:58','confirmed','ar_tr','https://dibbert.com/quod-quae-eveniet-dolorem-voluptatibus-labore-et.html',NULL),(168,'Sylvester Braun Sr.',1676276396,1678004396,NULL,'percent',NULL,'bbb',NULL,NULL,'ttt_ttt',NULL,NULL,NULL,NULL,'Repudiandae nam quis itaque eligendi officiis et. Dicta ipsa soluta explicabo atque quo ullam et. Voluptas cumque a iure eum consectetur. Ab sint consequuntur id error.',NULL,'all','pro',0,0,NULL,0,0,0,0,0,16,130000,'5154 Hope Brooks Suite 501\nHaroldland, RI 92448-8171','eliane.waelchi@yahoo.com','http://bailey.com/labore-cupiditate-voluptates-corporis-consequatur-exercitationem-qui-voluptas-molestias','+1-323-364-0332',-59.35,-156.41,15,1,34,'2022-12-25 04:49:58','2022-12-25 04:49:58','confirmed','fr_fa_ar_en',NULL,NULL),(169,'Isidro Hirthe II',1670228396,1671092396,NULL,'percent',NULL,'bbb_bbb_dassa_dassa_bbb',NULL,NULL,NULL,NULL,NULL,NULL,NULL,'Ipsa et perspiciatis et quo unde qui illo. Voluptatem quia quidem tempore at non sequi laudantium. Quia sint ducimus dolorem atque velit quae.',NULL,'teen','national',1,0,NULL,0,0,0,0,0,5,280000,'5154 Hope Brooks Suite 501\nHaroldland, RI 92448-8171','eliane.waelchi@yahoo.com','http://bailey.com/labore-cupiditate-voluptates-corporis-consequatur-exercitationem-qui-voluptas-molestias','+1-323-364-0332',-59.35,-156.41,18,1,34,'2022-12-25 04:49:58','2022-12-25 04:49:58','confirmed','tr_fa',NULL,NULL),(170,'Nella O\'Reilly',1676276396,1678004396,19,'percent',14020101,'dassa_dassa_dassa_aaa_bbb',NULL,NULL,'qw',NULL,NULL,NULL,NULL,'Beatae consequatur vel voluptate aperiam. Quam non et officia. Id natus eum pariatur minima. Iure quo qui soluta aliquid.',NULL,'all','national',1,1,NULL,0,0,0,0,0,28,260000,'5154 Hope Brooks Suite 501\nHaroldland, RI 92448-8171','eliane.waelchi@yahoo.com','http://bailey.com/labore-cupiditate-voluptates-corporis-consequatur-exercitationem-qui-voluptas-molestias','+1-323-364-0332',-59.35,-156.41,9,1,34,'2022-12-25 04:49:58','2022-12-25 04:49:58','rejected','fa',NULL,NULL),(171,'Mrs. Vella Kuhn IV',1676276396,1678004396,NULL,'percent',NULL,'bbb_bbb_dassa_aaa_aaa',NULL,NULL,'ttt_qw_qw',NULL,NULL,NULL,NULL,'Temporibus vitae esse quaerat voluptas autem qui vero. Omnis aperiam nulla totam tenetur sunt pariatur. Asperiores vel quia non. Sapiente voluptatem quis labore voluptates.',NULL,'teen','local',1,0,NULL,0,0,0,0,0,20,190000,'2006 Streich Shore Suite 680\nSchowaltertown, HI 95803-7754','hilda.feest@lind.net','http://www.pollich.info/dolor-est-impedit-aspernatur-est-cumque-in-voluptatum-quia','1-386-217-4339',82.69,10.87,20,NULL,34,'2022-12-25 04:49:58','2022-12-25 04:49:58','confirmed','ar_en_tr_fa','http://www.schultz.com/occaecati-autem-error-exercitationem-quisquam-libero-ut-ut-sit.html',NULL),(172,'Mr. Lavern Koelpin Sr.',1676276396,1678004396,NULL,'percent',NULL,'bbb_dassa',NULL,NULL,NULL,NULL,NULL,NULL,NULL,'Iusto soluta sed officia vero quia. Cupiditate itaque amet aliquam eaque fuga velit recusandae. Optio quod ad vel reprehenderit qui est voluptatibus.','Sunt explicabo nostrum distinctio pariatur pariatur repellat. Aspernatur deserunt impedit quis fuga voluptatem doloremque.','teen','national',1,1,NULL,0,0,0,0,0,17,500000,'96191 Domenick Mission Apt. 064\nNorth Mohamedburgh, MO 95404','larissa.satterfield@terry.com','http://www.douglas.com/tempore-et-quidem-est-nihil','762-683-7707',54.62,-32.01,13,1,34,'2022-12-25 04:49:58','2022-12-26 09:32:14','pending','en_fr_ar_tr',NULL,NULL),(173,'Rodolfo Bauch MD',1676276396,1678004396,NULL,'percent',NULL,'aaa_dassa_aaa_aaa_aaa',NULL,NULL,'qw_qw_ttt_qw',NULL,NULL,NULL,NULL,'Commodi numquam est error odit reiciendis facilis animi. Recusandae maiores quisquam vitae est totam dolores enim rerum.',NULL,'old','local',1,1,NULL,2,0,0,0,0,10,210000,'797 Grant Forks Apt. 152\nPort Estelltown, HI 36132','msmith@hotmail.com','http://ward.com/nulla-at-quo-perspiciatis-quos.html','260-994-3004',-7.33,31.29,26,1,34,'2022-12-25 04:49:58','2023-01-02 07:40:49','confirmed','tr_en_fa_fr',NULL,NULL),(174,'Dell Bayer DVM',1670228396,1671092396,15,'percent',14020101,'dassa_dassa_bbb_dassa_bbb',NULL,NULL,NULL,NULL,NULL,NULL,NULL,'Voluptas cupiditate dolore doloremque quia nobis. Consectetur in id sed et. Vel aut ut et nulla. Id officia animi impedit vero minus.','Impedit architecto iusto iure enim molestiae omnis. Placeat a est nobis molestias neque asperiores. Natus beatae sint debitis voluptatem repellendus. Accusantium et quo rerum eos itaque a hic.','teen','state',1,1,NULL,0,0,0,0,0,11,470000,'96191 Domenick Mission Apt. 064\nNorth Mohamedburgh, MO 95404','larissa.satterfield@terry.com','http://www.douglas.com/tempore-et-quidem-est-nihil','762-683-7707',54.62,-32.01,15,NULL,34,'2022-12-25 04:49:58','2022-12-25 04:49:58','confirmed','fr_tr_fa','http://www.kreiger.com/ipsum-aut-aspernatur-numquam-neque-qui-officiis.html',NULL),(175,'Santina Blick',1676276396,1678004396,NULL,'percent',NULL,'dassa_dassa_dassa_aaa',NULL,NULL,NULL,NULL,NULL,NULL,NULL,'Commodi modi aut labore. Nulla suscipit molestias quo ut molestiae facere sunt. Pariatur nostrum eligendi omnis.','Et nostrum maiores qui fuga beatae dolorem. Sequi at et adipisci commodi veritatis rerum quia. Laudantium iure totam dolores quia. Numquam ut omnis sit inventore. Dolor qui ut et ea quasi.','all','national',1,1,NULL,0,0,0,0,0,15,420000,'5154 Hope Brooks Suite 501\nHaroldland, RI 92448-8171','eliane.waelchi@yahoo.com','http://bailey.com/labore-cupiditate-voluptates-corporis-consequatur-exercitationem-qui-voluptas-molestias','+1-323-364-0332',-59.35,-156.41,23,1,34,'2022-12-25 04:49:58','2022-12-25 04:49:58','rejected','en_fr_ar',NULL,NULL),(176,'Amari Haag',1676276396,1678004396,19,'percent',14020101,'bbb_dassa',NULL,NULL,'qw_ttt',NULL,NULL,NULL,NULL,'Perspiciatis autem voluptatem rerum. Rem ipsum voluptatibus sit pariatur sit. Quo ab sed asperiores enim.','Aliquid qui veritatis dolore mollitia a. Enim sint dolores reprehenderit nobis aspernatur aut voluptatem. Quam veritatis rerum dignissimos veritatis. Ut labore beatae sit qui voluptas.','teen','state',1,1,3.50,141,0,2,2,0,20,340000,'96191 Domenick Mission Apt. 064\nNorth Mohamedburgh, MO 95404','larissa.satterfield@terry.com','http://www.douglas.com/tempore-et-quidem-est-nihil','762-683-7707',54.62,-32.01,13,1,34,'2022-12-25 04:49:59','2023-01-25 05:37:48','confirmed','fa_ar',NULL,NULL),(177,'Bella Weber',1676276396,1678004396,11,'percent',14020101,'dassa_bbb',NULL,NULL,NULL,NULL,NULL,NULL,NULL,'Fugiat eveniet in a pariatur iusto. Unde ducimus magnam velit consequuntur id dolorum cum. Nulla non commodi expedita est.',NULL,'child','local',1,1,NULL,2,0,0,0,0,11,110000,'2006 Streich Shore Suite 680\nSchowaltertown, HI 95803-7754','hilda.feest@lind.net','http://www.pollich.info/dolor-est-impedit-aspernatur-est-cumque-in-voluptatum-quia','1-386-217-4339',82.69,10.87,11,1,34,'2022-12-25 04:49:59','2023-01-02 07:40:53','confirmed','en_ar',NULL,NULL),(178,'Dr. Alana Considine MD',1676276396,1678004396,NULL,'percent',NULL,'dassa_bbb',NULL,NULL,'ttt',NULL,NULL,NULL,NULL,'Vel dolorem illo veritatis eos. Dolor non est nobis. Labore dolor et rem deleniti saepe. Harum voluptatem aut voluptas.',NULL,'adult','local',1,0,NULL,0,0,0,0,0,27,150000,'2006 Streich Shore Suite 680\nSchowaltertown, HI 95803-7754','hilda.feest@lind.net','http://www.pollich.info/dolor-est-impedit-aspernatur-est-cumque-in-voluptatum-quia','1-386-217-4339',82.69,10.87,19,NULL,34,'2022-12-25 04:49:59','2022-12-25 04:49:59','rejected','en_tr_ar','http://kemmer.info/',NULL),(179,'Deborah Schmitt IV',1676276396,1678004396,NULL,'percent',NULL,'bbb_dassa_bbb_dassa_bbb',NULL,NULL,NULL,NULL,NULL,NULL,NULL,'Ullam temporibus cumque adipisci et. Et ex est molestiae qui et. Nulla sit et officia eius ut est.',NULL,'old','pro',1,1,NULL,22,0,0,0,0,15,260000,'797 Grant Forks Apt. 152\nPort Estelltown, HI 36132','msmith@hotmail.com','http://ward.com/nulla-at-quo-perspiciatis-quos.html','260-994-3004',-7.33,31.29,15,NULL,34,'2022-12-25 04:49:59','2023-01-16 08:45:06','confirmed','ar_fr_fa_tr','http://www.frami.net/quos-recusandae-non-illo-illum',NULL),(180,'Prof. Jewell Pagac',1676276396,1678004396,15,'percent',14020101,'dassa_dassa_bbb_bbb_dassa',NULL,NULL,NULL,NULL,NULL,NULL,NULL,'Dignissimos optio distinctio laborum. Est corrupti aut ratione est. Ut fuga cumque optio necessitatibus ut sapiente amet neque.','Quibusdam odit deleniti consequatur doloremque ducimus. Dolor est nobis est. Voluptas et suscipit et non et dolorem qui. Illo eveniet quia error et.','all','state',1,1,NULL,0,0,0,0,0,6,310000,'96191 Domenick Mission Apt. 064\nNorth Mohamedburgh, MO 95404','larissa.satterfield@terry.com','http://www.douglas.com/tempore-et-quidem-est-nihil','762-683-7707',54.62,-32.01,30,1,34,'2022-12-25 04:49:59','2022-12-25 04:49:59','confirmed','en_ar',NULL,NULL),(186,'تست جدید',1673226600,1675984260,NULL,NULL,NULL,'aaa','1zDPFsX2aOE0oUGJO8mgHUIcVtjp8Em0B3J4uo2i.jpg',NULL,'ddd',NULL,NULL,NULL,NULL,'<p style=\"text-align:justify;\">توضیحات</p>','این یک توضیح برای تست است.','child','national',1,0,2.50,175,0,2,2,0,15,20000,NULL,'mmmmm@yahoo.com',NULL,'22758921_33982312',NULL,NULL,100,NULL,34,'2022-12-25 07:52:19','2023-01-25 05:46:12','confirmed','gr_fr','http://google.com',NULL),(187,'tesst',1673203200,1674254100,NULL,NULL,NULL,'aaa_vvd','OGrUu7Owqjz5erMjblTWG2Nps7jGMSz1ZQp53A0Y.jpg',NULL,'ddd',NULL,NULL,NULL,NULL,'<p style=\"text-align:justify;\">این تست است&nbsp;</p>','tessst','teen','state',1,0,NULL,21,0,0,0,0,3,500000,NULL,'mmmmm@yahoo.com',NULL,'33982312',NULL,NULL,100,NULL,34,'2023-01-16 03:42:40','2023-01-19 05:54:42','confirmed','en_gr','https://google.com',NULL),(188,'new test',NULL,NULL,NULL,NULL,NULL,'bbb','GQdjIJzSfXoDt7xjuQ7YiU0w7exY1LSAllFPhwqv.jpg',NULL,'ddd',NULL,NULL,NULL,NULL,'<p style=\"text-align:justify;\">توضیحات</p>',NULL,'child','state',1,0,NULL,0,0,0,0,0,NULL,NULL,NULL,NULL,NULL,NULL,NULL,NULL,100,NULL,34,'2023-01-16 10:06:24','2023-01-16 10:06:40','init','tr','http://coo.com',NULL),(189,'Reed Haley',1679207607,1680935607,NULL,'percent',NULL,'bbb',NULL,NULL,'ddd_qw_qw_qw_qw',NULL,NULL,NULL,NULL,'Sed sunt quia est dolorem. Impedit velit assumenda eaque iste ratione rerum repellat. Explicabo ipsa sit temporibus consequatur et repellat repellat qui. Doloribus quas voluptate officia et aut.',NULL,'adult','pro',0,1,NULL,0,0,0,0,0,12,210000,'2006 Streich Shore Suite 680\nSchowaltertown, HI 95803-7754','hilda.feest@lind.net','http://www.pollich.info/dolor-est-impedit-aspernatur-est-cumque-in-voluptatum-quia','1-386-217-4339',82.69,10.87,12,1,29,'2023-01-28 03:03:28','2023-01-28 03:03:28','confirmed','tr',NULL,NULL),(190,'Damon Kuhlman',1679207607,1680935607,NULL,'percent',NULL,'aaa',NULL,NULL,'ddd_qw_qw_ddd_qw',NULL,NULL,NULL,NULL,'Delectus ad ab mollitia voluptatum est. Alias nulla ea aut optio. Consequuntur earum esse vel similique ducimus laborum.','Nobis rem numquam explicabo voluptas occaecati voluptas voluptatem id. Porro unde nihil repellat perferendis et optio laborum fugiat. Vel quo odio odio cupiditate fugit dolor velit.','adult','national',1,0,NULL,0,0,0,0,0,6,210000,'797 Grant Forks Apt. 152\nPort Estelltown, HI 36132','msmith@hotmail.com','http://ward.com/nulla-at-quo-perspiciatis-quos.html','260-994-3004',-7.33,31.29,30,1,30,'2023-01-28 03:03:28','2023-01-28 03:03:28','confirmed','fr_ar_tr',NULL,NULL),(191,'Dee DuBuque DVM',1679207607,1680935607,12,'percent',14020101,'wwdassa',NULL,NULL,'ddd_qw_qw',NULL,NULL,NULL,NULL,'In possimus et labore provident repellat voluptatibus. Incidunt voluptates quaerat distinctio. Dolor et enim at dolorem odit mollitia dolores laboriosam.','Inventore omnis quae dolores repellat non fuga et. Qui aspernatur aut a ut facere consequatur ad. Culpa voluptates velit et doloribus. Dolore sed sunt ut id aliquid incidunt.','all','local',1,1,NULL,0,0,0,0,0,21,340000,'5154 Hope Brooks Suite 501\nHaroldland, RI 92448-8171','eliane.waelchi@yahoo.com','http://bailey.com/labore-cupiditate-voluptates-corporis-consequatur-exercitationem-qui-voluptas-molestias','+1-323-364-0332',-59.35,-156.41,30,1,31,'2023-01-28 03:03:28','2023-01-28 03:03:28','confirmed','en_fa',NULL,NULL),(192,'Miss Janae White III',1673159607,1674023607,19,'percent',14020101,'bbb_wwdassa_wwdassa',NULL,NULL,NULL,NULL,NULL,NULL,NULL,'Sit exercitationem hic animi vitae nostrum. Blanditiis et et totam soluta fugiat sit et. Quibusdam sapiente quos quisquam at natus.',NULL,'adult','local',1,0,NULL,0,0,0,0,0,30,440000,'2006 Streich Shore Suite 680\nSchowaltertown, HI 95803-7754','hilda.feest@lind.net','http://www.pollich.info/dolor-est-impedit-aspernatur-est-cumque-in-voluptatum-quia','1-386-217-4339',82.69,10.87,20,NULL,29,'2023-01-28 03:03:28','2023-01-28 03:03:28','confirmed','en_fr_fa','https://wolf.com/saepe-aliquam-quo-architecto-in-debitis-voluptatem.html',NULL),(193,'Virgie Schoen',1679207607,1680935607,NULL,'percent',NULL,'bbb_wwdassa_wwdassa_wwdassa',NULL,NULL,NULL,NULL,NULL,NULL,NULL,'Recusandae nihil accusantium non nisi esse repellat voluptatem adipisci. Tenetur rerum totam consequatur quia vel recusandae sunt. Consequatur eveniet minus quam at.',NULL,'all','local',1,0,NULL,0,0,0,0,0,27,360000,'797 Grant Forks Apt. 152\nPort Estelltown, HI 36132','msmith@hotmail.com','http://ward.com/nulla-at-quo-perspiciatis-quos.html','260-994-3004',-7.33,31.29,16,NULL,30,'2023-01-28 03:03:28','2023-01-28 03:03:28','rejected','en_fa_ar','http://konopelski.org/et-velit-in-quidem-ullam-exercitationem',NULL),(194,'Prof. Monte Wyman',1673159607,1674023607,20,'percent',14020101,'wwdassa_aaa',NULL,NULL,NULL,NULL,NULL,NULL,NULL,'Explicabo in qui ut rem. Quo et exercitationem repellendus incidunt a. Cumque dolor dicta voluptates a eos.',NULL,'all','local',0,0,NULL,0,0,0,0,0,19,440000,'2006 Streich Shore Suite 680\nSchowaltertown, HI 95803-7754','hilda.feest@lind.net','http://www.pollich.info/dolor-est-impedit-aspernatur-est-cumque-in-voluptatum-quia','1-386-217-4339',82.69,10.87,3,1,29,'2023-01-28 03:03:28','2023-01-28 03:03:28','confirmed','tr_ar',NULL,NULL),(195,'Titus Hagenes',1673159607,1674023607,12,'percent',14020101,'vvd_vvd',NULL,NULL,NULL,NULL,NULL,NULL,NULL,'Voluptas natus eaque numquam expedita. Quisquam at omnis distinctio deserunt.',NULL,'child','state',1,0,NULL,0,0,0,0,0,30,220000,'dwqdqwsad\r\ndwq','mmmmm@yahoo.com','https://google.com','22758921__33982312',35.7,51.43,20,1,34,'2023-01-28 03:03:29','2023-01-28 03:03:29','confirmed','en_ar_fr',NULL,NULL),(196,'Amina Mante',1673159607,1674023607,14,'percent',14020101,'vvd_aaa_wwdassa_wwdassa_bbb',NULL,NULL,NULL,NULL,NULL,NULL,NULL,'Quod nulla quas ipsum. Quia eius amet ut officiis eaque. Voluptatem est molestiae asperiores in. Qui eos neque praesentium animi officia.',NULL,'child','state',1,1,NULL,0,0,0,0,0,9,190000,'797 Grant Forks Apt. 152\nPort Estelltown, HI 36132','msmith@hotmail.com','http://ward.com/nulla-at-quo-perspiciatis-quos.html','260-994-3004',-7.33,31.29,18,NULL,30,'2023-01-28 03:03:29','2023-01-28 03:03:29','confirmed','ar_fa_fr','https://www.rutherford.biz/modi-et-rerum-eius-error-quis-corrupti-officia',NULL),(197,'Prof. Santa Fritsch MD',1679207607,1680935607,NULL,'percent',NULL,'vvd_aaa_bbb',NULL,NULL,'qw',NULL,NULL,NULL,NULL,'Ea accusamus nam exercitationem. Dolor iure est repellendus fugit rerum. Voluptatem occaecati est cum rerum quo voluptatem mollitia. Enim quaerat magni voluptatem dolorum suscipit nisi atque et.','Consequatur enim aperiam dolore sit. Dicta tenetur necessitatibus qui repellat.','adult','national',1,0,NULL,0,0,0,0,0,14,180000,'dwqdwq','dd@yahoo.com','https://ccc.com','332123123__2321321',35.7,51.38,26,3,33,'2023-01-28 03:03:29','2023-01-28 03:03:29','rejected','ar_fa_en_tr',NULL,NULL),(198,'Dr. Ericka Flatley DDS',1679207607,1680935607,NULL,'percent',NULL,'aaa',NULL,NULL,'ddd_qw_ddd_qw_qw',NULL,NULL,NULL,NULL,'Sunt est sapiente iste nesciunt odit. Sed animi quasi modi in. Cum est modi sapiente. Totam officiis reiciendis id voluptate enim qui rerum fugiat. Similique ad cumque sint dignissimos sint quisquam.','In voluptas ipsam et qui. Voluptas tenetur accusantium vel rem. Recusandae perferendis dolore vel qui.','all','pro',1,0,NULL,0,0,0,0,0,24,270000,'797 Grant Forks Apt. 152\nPort Estelltown, HI 36132','msmith@hotmail.com','http://ward.com/nulla-at-quo-perspiciatis-quos.html','260-994-3004',-7.33,31.29,3,1,30,'2023-01-28 03:03:29','2023-01-28 03:03:29','rejected','fa_fr_tr',NULL,NULL),(199,'Kieran Renner',1679207607,1680935607,12,'percent',14020101,'vvd_vvd_vvd',NULL,NULL,'qw_qw_qw_qw_qw',NULL,NULL,NULL,NULL,'Quo corrupti modi possimus est natus. Animi ipsa distinctio quam consequuntur reiciendis aspernatur laboriosam ipsa. Est in saepe in aut et quae beatae. Qui et a ullam sed qui.',NULL,'all','national',1,0,NULL,0,0,0,0,0,7,480000,'dwqdwq','dd@yahoo.com','https://ccc.com','332123123__2321321',35.7,51.38,14,3,33,'2023-01-28 03:03:29','2023-01-28 03:03:29','rejected','fr_fa',NULL,NULL),(200,'Deion Beier',1679207607,1680935607,NULL,'percent',NULL,'vvd_wwdassa_aaa_bbb',NULL,NULL,'ddd_qw',NULL,NULL,NULL,NULL,'Voluptatem ea hic assumenda facere nesciunt sapiente. Voluptate nihil nam tempore aut totam. Dignissimos et magni aliquid fugit illo aliquam maxime voluptas.','Soluta deleniti voluptatem voluptatibus autem. Excepturi qui rerum natus nihil culpa eos veniam. Mollitia eum voluptatibus aperiam tempora maxime possimus. Suscipit fugit quia voluptas velit.','teen','state',0,0,NULL,0,0,0,0,0,28,180000,'dwqdqwsad\r\ndwq','mmmmm@yahoo.com','https://google.com','22758921__33982312',35.7,51.43,8,1,34,'2023-01-28 03:03:29','2023-01-28 03:03:29','rejected','fa',NULL,NULL),(201,'Prof. Casey Howell',1673159607,1674023607,NULL,'percent',NULL,'aaa_vvd_vvd',NULL,NULL,'qw_qw_qw',NULL,NULL,NULL,NULL,'Eum possimus sed in voluptatum delectus. Repellat porro quidem iste rem doloremque laboriosam voluptas. Quo itaque et voluptate et suscipit. Ex aspernatur deserunt non quas enim aut reprehenderit.','Iste voluptatem non id et eos molestias dolores. Voluptates odio cum ea voluptatibus fugit id. Illo est et voluptatum recusandae dicta. Et velit similique facere error est.','adult','national',1,0,NULL,0,0,0,0,0,16,260000,'5154 Hope Brooks Suite 501\nHaroldland, RI 92448-8171','eliane.waelchi@yahoo.com','http://bailey.com/labore-cupiditate-voluptates-corporis-consequatur-exercitationem-qui-voluptas-molestias','+1-323-364-0332',-59.35,-156.41,20,NULL,31,'2023-01-28 03:03:29','2023-01-28 03:03:29','rejected','tr','http://bauch.com/ducimus-reprehenderit-voluptatum-tenetur-nihil',NULL),(202,'Janiya Windler',1673159607,1674023607,NULL,'percent',NULL,'wwdassa',NULL,NULL,NULL,NULL,NULL,NULL,NULL,'Quia soluta expedita aspernatur eos qui tempora. Vel quo et repellendus delectus animi inventore. Eum quasi expedita aut.','Sit qui pariatur optio minus sunt aut. Tempore culpa voluptas necessitatibus itaque ipsam soluta exercitationem. Nihil eos sed dolore sunt occaecati autem.','teen','local',1,1,NULL,0,0,0,0,0,12,380000,'797 Grant Forks Apt. 152\nPort Estelltown, HI 36132','msmith@hotmail.com','http://ward.com/nulla-at-quo-perspiciatis-quos.html','260-994-3004',-7.33,31.29,19,1,30,'2023-01-28 03:03:29','2023-01-28 03:03:29','confirmed','tr_en_fa_fr',NULL,NULL),(203,'Ora Gusikowski',1679207607,1680935607,13,'percent',14020101,'wwdassa_bbb',NULL,NULL,NULL,NULL,NULL,NULL,NULL,'Aut dolor nulla ullam eum qui voluptatem sint. Mollitia nihil id sapiente rerum minus non deleniti. Quas neque molestiae eum.',NULL,'teen','national',0,1,NULL,0,0,0,0,0,6,310000,'weqewqweqqwe\r\nwqe\r\newqweqwqe','aeqqwe@yahoo.com','https://google.com','2222222__222112321__3333333',35.7,51.39,8,NULL,37,'2023-01-28 03:03:29','2023-01-28 03:03:29','confirmed','fr_en_tr_ar','http://kling.net/vel-vel-occaecati-corporis-corporis-ratione-incidunt-qui',NULL),(204,'Selina Braun',1679207607,1680935607,17,'percent',14020101,'vvd_wwdassa',NULL,NULL,NULL,NULL,NULL,NULL,NULL,'Delectus assumenda modi aut aliquid et aut modi ut. Id aut impedit porro cumque quibusdam et sit. Laborum accusantium earum eveniet eius fuga illo sint. Provident et est culpa optio.','Consequatur nisi esse occaecati eum totam nisi molestiae unde. Ut placeat officia non eveniet explicabo accusamus sapiente eius. Rerum culpa eius maxime corrupti voluptate.','adult','state',1,1,NULL,0,0,0,0,0,11,420000,'dwqdwq','dd@yahoo.com','https://ccc.com','332123123__2321321',35.7,51.38,7,3,33,'2023-01-28 03:03:30','2023-01-28 03:03:30','rejected','ar_fr',NULL,NULL),(205,'Keenan Auer',1673159607,1674023607,19,'percent',14020101,'wwdassa_aaa',NULL,NULL,NULL,NULL,NULL,NULL,NULL,'Quos natus iste error aliquam. Ipsam consequatur laborum pariatur quia quis. Corrupti tenetur veritatis sapiente iure qui atque. Ratione neque cumque cupiditate aut aperiam.','Quas unde quisquam sapiente possimus impedit. Voluptatem cumque doloribus occaecati consequatur. Inventore tempore dicta qui sint quod eligendi.','child','state',0,1,NULL,0,0,0,0,0,4,480000,'96191 Domenick Mission Apt. 064\nNorth Mohamedburgh, MO 95404','larissa.satterfield@terry.com','http://www.douglas.com/tempore-et-quidem-est-nihil','762-683-7707',54.62,-32.01,11,1,32,'2023-01-28 03:03:30','2023-01-28 03:03:30','confirmed','ar_en_tr',NULL,NULL),(206,'Ozella Sanford DVM',1673159607,1674023607,NULL,'percent',NULL,'wwdassa_wwdassa',NULL,NULL,'qw_ddd_ddd_qw_ddd',NULL,NULL,NULL,NULL,'Id facere omnis incidunt sed laudantium eligendi ut. Delectus et magni vel hic illo. Ea architecto accusantium sed voluptates.',NULL,'child','pro',0,0,NULL,0,0,0,0,0,8,410000,'dwqdqwsad\r\ndwq','mmmmm@yahoo.com','https://google.com','22758921__33982312',35.7,51.43,2,NULL,34,'2023-01-28 03:03:30','2023-01-28 03:03:30','confirmed','fr','http://kerluke.com/occaecati-debitis-voluptates-sint',NULL),(207,'Richie Kuhlman',1679207608,1680935608,15,'percent',14020101,'wwdassa_aaa_wwdassa_bbb_wwdassa',NULL,NULL,'qw_ddd',NULL,NULL,NULL,NULL,'Quam recusandae repudiandae magnam eos qui unde delectus perspiciatis. Molestiae nihil commodi quae et. Corrupti illum molestiae quo soluta id sit aut.','Ullam optio est culpa. Rerum pariatur ut non ut nemo nemo. Necessitatibus porro dicta totam sed qui. Non doloremque repudiandae explicabo similique consequatur ea est perspiciatis.','teen','state',1,0,NULL,0,0,0,0,0,21,270000,'96191 Domenick Mission Apt. 064\nNorth Mohamedburgh, MO 95404','larissa.satterfield@terry.com','http://www.douglas.com/tempore-et-quidem-est-nihil','762-683-7707',54.62,-32.01,20,NULL,32,'2023-01-28 03:03:30','2023-01-28 03:03:30','confirmed','tr_fa','http://www.waters.com/',NULL),(208,'Burdette Hyatt',1679207608,1680935608,NULL,'percent',NULL,'aaa_aaa_vvd',NULL,NULL,'ddd_ddd_qw',NULL,NULL,NULL,NULL,'Et et exercitationem dolorem sed similique. Quae veritatis et quaerat quaerat eos ea explicabo. Sint maxime sit unde facere. Laborum sint rerum ipsa ut.','Mollitia nisi nemo quam error consectetur vitae. Ea occaecati sunt consequuntur magnam facere consequatur vero dignissimos. Unde voluptatibus recusandae quaerat consequatur.','old','state',0,1,NULL,0,0,0,0,0,13,100000,'2006 Streich Shore Suite 680\nSchowaltertown, HI 95803-7754','hilda.feest@lind.net','http://www.pollich.info/dolor-est-impedit-aspernatur-est-cumque-in-voluptatum-quia','1-386-217-4339',82.69,10.87,14,1,29,'2023-01-28 03:03:30','2023-01-28 03:03:30','confirmed','ar_fr',NULL,NULL),(209,'Ms. Queen Jast',1679207608,1680935608,11,'percent',14020101,'vvd_aaa_aaa_bbb_aaa',NULL,NULL,NULL,NULL,NULL,NULL,NULL,'Sunt adipisci dignissimos earum quis. Explicabo reprehenderit consequatur ab. Dolor eos nihil perferendis aut autem et porro totam. Ut voluptatem quos consequuntur necessitatibus.','Qui voluptas non placeat dolor aut molestias. Praesentium magnam cum optio sed quasi corporis reiciendis. Fugiat corporis laboriosam dolorem fuga deleniti quam iste.','adult','pro',1,1,NULL,0,0,0,0,0,13,440000,'797 Grant Forks Apt. 152\nPort Estelltown, HI 36132','msmith@hotmail.com','http://ward.com/nulla-at-quo-perspiciatis-quos.html','260-994-3004',-7.33,31.29,22,1,30,'2023-01-28 03:03:30','2023-01-28 03:03:30','confirmed','ar_fr',NULL,NULL),(210,'Mrs. Maximillia Rolfson',1679207608,1680935608,10,'percent',14020101,'vvd_vvd_wwdassa',NULL,NULL,'qw_qw_qw_qw_ddd',NULL,NULL,NULL,NULL,'Omnis quia qui maiores. Sit ut beatae facere placeat nesciunt. Aliquid adipisci vel repellendus qui quod. Saepe ex ad non consequatur consequatur explicabo eius.','Expedita cum voluptate aut quos dicta et repellat. Sapiente unde dolor illum molestias eveniet voluptatem ipsa sapiente. Consequatur voluptatum incidunt enim veritatis rem est.','child','pro',1,1,NULL,0,0,0,0,0,3,490000,'96191 Domenick Mission Apt. 064\nNorth Mohamedburgh, MO 95404','larissa.satterfield@terry.com','http://www.douglas.com/tempore-et-quidem-est-nihil','762-683-7707',54.62,-32.01,8,1,32,'2023-01-28 03:03:30','2023-01-28 03:03:30','rejected','ar_en',NULL,NULL),(211,'Ally Kutch',1679207608,1680935608,NULL,'percent',NULL,'aaa_vvd_bbb',NULL,NULL,'qw',NULL,NULL,NULL,NULL,'Odio omnis voluptatem cum ipsum qui. Non qui quos omnis dolorem sint. Dignissimos voluptatem mollitia doloremque nihil et sed.',NULL,'old','pro',1,1,NULL,0,0,0,0,0,25,350000,'797 Grant Forks Apt. 152\nPort Estelltown, HI 36132','msmith@hotmail.com','http://ward.com/nulla-at-quo-perspiciatis-quos.html','260-994-3004',-7.33,31.29,19,1,30,'2023-01-28 03:03:31','2023-01-28 03:03:31','confirmed','fr_fa_en_ar',NULL,NULL),(212,'Miss Germaine Blanda',1679207608,1680935608,16,'percent',14020101,'aaa_bbb_aaa_aaa_vvd',NULL,NULL,NULL,NULL,NULL,NULL,NULL,'Et nulla fugiat cumque molestiae voluptas. Voluptatem ut ullam fugit at. Ut perferendis fugit et modi corporis natus.',NULL,'teen','state',1,0,NULL,0,0,0,0,0,26,390000,'797 Grant Forks Apt. 152\nPort Estelltown, HI 36132','msmith@hotmail.com','http://ward.com/nulla-at-quo-perspiciatis-quos.html','260-994-3004',-7.33,31.29,26,1,30,'2023-01-28 03:03:31','2023-01-28 03:03:31','confirmed','tr',NULL,NULL),(213,'Maxime Kris DDS',1679207608,1680935608,18,'percent',14020101,'wwdassa_bbb_wwdassa_vvd',NULL,NULL,'ddd_ddd_ddd_qw',NULL,NULL,NULL,NULL,'Dolores et ducimus vitae vel et a sed. Enim eos et aperiam. Officia nihil aliquid sapiente cupiditate ipsum illum id. Nihil aut assumenda modi iure atque dignissimos eaque.','Rerum odio laudantium enim eaque laboriosam ut neque. Aut tenetur amet cumque quam illum sed. Non ipsam aut eum qui eligendi nemo.','child','state',1,0,NULL,0,0,0,0,0,27,430000,'dwqdqwsad\r\ndwq','mmmmm@yahoo.com','https://google.com','22758921__33982312',35.7,51.43,5,1,34,'2023-01-28 03:03:31','2023-01-28 03:03:31','confirmed','fr_tr_fa_en',NULL,NULL),(214,'Caden Feeney',1673159608,1674023608,NULL,'percent',NULL,'wwdassa_aaa',NULL,NULL,NULL,NULL,NULL,NULL,NULL,'Inventore cum maxime mollitia voluptate aspernatur. Doloremque quaerat repellat nemo vel ab et esse voluptate. Aliquid et pariatur et nesciunt ex rem et distinctio.','Dolor dignissimos ea est. Nihil rem impedit occaecati placeat officiis ratione. Quis aperiam eveniet eum maiores adipisci. Aut illo veniam repellendus debitis ipsa maiores consectetur sed.','all','state',1,1,NULL,0,0,0,0,0,8,150000,'5154 Hope Brooks Suite 501\nHaroldland, RI 92448-8171','eliane.waelchi@yahoo.com','http://bailey.com/labore-cupiditate-voluptates-corporis-consequatur-exercitationem-qui-voluptas-molestias','+1-323-364-0332',-59.35,-156.41,20,1,31,'2023-01-28 03:03:31','2023-01-28 03:03:31','confirmed','fa_fr',NULL,NULL),(215,'Prof. Malika Maggio DDS',1679207608,1680935608,18,'percent',14020101,'vvd_aaa_wwdassa_aaa_aaa',NULL,NULL,'ddd_ddd_qw',NULL,NULL,NULL,NULL,'Delectus cupiditate quis quas deleniti et aut. Ut sequi est autem numquam. Cumque eos officia voluptas rerum ipsum consequatur.',NULL,'child','state',1,0,NULL,0,0,0,0,0,21,370000,'2006 Streich Shore Suite 680\nSchowaltertown, HI 95803-7754','hilda.feest@lind.net','http://www.pollich.info/dolor-est-impedit-aspernatur-est-cumque-in-voluptatum-quia','1-386-217-4339',82.69,10.87,2,1,29,'2023-01-28 03:03:31','2023-01-28 03:03:31','confirmed','ar_fa',NULL,NULL),(216,'Isabelle Daniel',1679207608,1680935608,NULL,'percent',NULL,'vvd',NULL,NULL,'qw_ddd_ddd_qw',NULL,NULL,NULL,NULL,'Rerum facilis quam fugit error mollitia quasi. Iure voluptatem atque est temporibus consectetur et. Soluta commodi ab debitis nobis magnam. Enim odio repellat ratione non ad totam inventore iste.','Corrupti repudiandae autem voluptatum eius velit consectetur. Assumenda natus pariatur earum perferendis aut. Nostrum et rem quis.','teen','national',1,1,NULL,0,0,0,0,0,7,500000,'2006 Streich Shore Suite 680\nSchowaltertown, HI 95803-7754','hilda.feest@lind.net','http://www.pollich.info/dolor-est-impedit-aspernatur-est-cumque-in-voluptatum-quia','1-386-217-4339',82.69,10.87,26,NULL,29,'2023-01-28 03:03:31','2023-01-28 03:03:31','confirmed','en_tr_fa','http://www.willms.com/maiores-eum-veritatis-suscipit-labore',NULL),(217,'Ms. Lola Medhurst DDS',1679207608,1680935608,NULL,'percent',NULL,'bbb_vvd_vvd',NULL,NULL,'qw_ddd_ddd',NULL,NULL,NULL,NULL,'Qui rerum expedita et blanditiis cupiditate itaque aut. Necessitatibus optio ea quos excepturi. Voluptates facere ut et molestiae beatae neque. Sit debitis sint veniam in recusandae numquam.','Tenetur quod ut quam fugit. Cupiditate rerum quia beatae cum velit enim adipisci enim. Mollitia dolores eos explicabo. Impedit et architecto facere.','old','pro',0,0,NULL,0,0,0,0,0,16,420000,'weqewqweqqwe\r\nwqe\r\newqweqwqe','aeqqwe@yahoo.com','https://google.com','2222222__222112321__3333333',35.7,51.39,7,NULL,37,'2023-01-28 03:03:32','2023-01-28 03:03:32','confirmed','ar_fr','http://www.nikolaus.info/quia-repellendus-et-deleniti-sint-sed.html',NULL),(218,'Prof. Leanne Lockman',1679207608,1680935608,18,'percent',14020101,'vvd_aaa',NULL,NULL,'ddd_ddd_ddd_ddd',NULL,NULL,NULL,NULL,'Dolores tempora in voluptatum perspiciatis asperiores fugiat. Eum minima dolore blanditiis ut consequuntur id distinctio repellat. Aperiam dolorum nisi esse temporibus ut impedit nemo quas.','Facere sint vero id nulla dignissimos perferendis. Adipisci repellendus odio eveniet cupiditate libero dolores. Id repellat excepturi beatae et minima suscipit.','teen','local',1,0,NULL,0,0,0,0,0,19,300000,'2006 Streich Shore Suite 680\nSchowaltertown, HI 95803-7754','hilda.feest@lind.net','http://www.pollich.info/dolor-est-impedit-aspernatur-est-cumque-in-voluptatum-quia','1-386-217-4339',82.69,10.87,14,1,29,'2023-01-28 03:03:32','2023-01-28 03:03:32','rejected','tr',NULL,NULL);
/*!40000 ALTER TABLE `events` ENABLE KEYS */;
UNLOCK TABLES;

--
-- Table structure for table `followers`
--

DROP TABLE IF EXISTS `followers`;
/*!40101 SET @saved_cs_client     = @@character_set_client */;
/*!50503 SET character_set_client = utf8mb4 */;
CREATE TABLE `followers` (
  `id` int unsigned NOT NULL AUTO_INCREMENT,
  `user_id` int unsigned NOT NULL,
  `launcher_id` int unsigned NOT NULL,
  `created_at` timestamp NULL DEFAULT NULL,
  `updated_at` timestamp NULL DEFAULT NULL,
  PRIMARY KEY (`id`),
  UNIQUE KEY `followers_user_id_launcher_id_unique` (`user_id`,`launcher_id`),
  KEY `followers_user_id_index` (`user_id`),
  KEY `followers_launcher_id_index` (`launcher_id`),
  CONSTRAINT `followers_launcher_id_foreign` FOREIGN KEY (`launcher_id`) REFERENCES `launchers` (`id`) ON DELETE CASCADE,
  CONSTRAINT `followers_user_id_foreign` FOREIGN KEY (`user_id`) REFERENCES `miras`.`users` (`id`) ON DELETE CASCADE
) ENGINE=InnoDB AUTO_INCREMENT=12 DEFAULT CHARSET=utf8mb4 COLLATE=utf8mb4_unicode_ci;
/*!40101 SET character_set_client = @saved_cs_client */;

--
-- Dumping data for table `followers`
--

LOCK TABLES `followers` WRITE;
/*!40000 ALTER TABLE `followers` DISABLE KEYS */;
INSERT INTO `followers` VALUES (3,3,30,'2023-01-16 06:03:03','2023-01-16 06:03:03'),(7,3,34,'2023-01-17 09:11:17','2023-01-17 09:11:17'),(11,118,34,'2023-01-18 09:50:59','2023-01-18 09:50:59');
/*!40000 ALTER TABLE `followers` ENABLE KEYS */;
UNLOCK TABLES;

--
-- Table structure for table `launcher_bank_accounts`
--

DROP TABLE IF EXISTS `launcher_bank_accounts`;
/*!40101 SET @saved_cs_client     = @@character_set_client */;
/*!50503 SET character_set_client = utf8mb4 */;
CREATE TABLE `launcher_bank_accounts` (
  `id` int unsigned NOT NULL AUTO_INCREMENT,
  `launcher_id` int unsigned NOT NULL,
  `shaba_no` varchar(24) CHARACTER SET utf8mb4 COLLATE utf8mb4_unicode_ci NOT NULL,
  `confirmed_at` timestamp NULL DEFAULT NULL,
  `created_at` timestamp NULL DEFAULT NULL,
  `updated_at` timestamp NULL DEFAULT NULL,
  `status` enum('pending','confirmed','rejected') COLLATE utf8mb4_unicode_ci NOT NULL DEFAULT 'pending',
  `is_default` tinyint(1) NOT NULL DEFAULT '0',
  PRIMARY KEY (`id`),
  KEY `launcher_bank_accounts_launcher_id_index` (`launcher_id`),
  CONSTRAINT `launcher_bank_accounts_launcher_id_foreign` FOREIGN KEY (`launcher_id`) REFERENCES `launchers` (`id`)
) ENGINE=InnoDB AUTO_INCREMENT=2 DEFAULT CHARSET=utf8mb4 COLLATE=utf8mb4_unicode_ci;
/*!40101 SET character_set_client = @saved_cs_client */;

--
-- Dumping data for table `launcher_bank_accounts`
--

LOCK TABLES `launcher_bank_accounts` WRITE;
/*!40000 ALTER TABLE `launcher_bank_accounts` DISABLE KEYS */;
/*!40000 ALTER TABLE `launcher_bank_accounts` ENABLE KEYS */;
UNLOCK TABLES;

--
-- Table structure for table `launcher_certifications`
--

DROP TABLE IF EXISTS `launcher_certifications`;
/*!40101 SET @saved_cs_client     = @@character_set_client */;
/*!50503 SET character_set_client = utf8mb4 */;
CREATE TABLE `launcher_certifications` (
  `id` int unsigned NOT NULL AUTO_INCREMENT,
  `launcher_id` int unsigned NOT NULL,
  `file` varchar(255) COLLATE utf8mb4_unicode_ci NOT NULL,
  `created_at` timestamp NULL DEFAULT NULL,
  `updated_at` timestamp NULL DEFAULT NULL,
  PRIMARY KEY (`id`),
  KEY `launcher_certifications_launcher_id_index` (`launcher_id`),
  CONSTRAINT `launcher_certifications_launcher_id_foreign` FOREIGN KEY (`launcher_id`) REFERENCES `launchers` (`id`)
) ENGINE=InnoDB AUTO_INCREMENT=32 DEFAULT CHARSET=utf8mb4 COLLATE=utf8mb4_unicode_ci;
/*!40101 SET character_set_client = @saved_cs_client */;

--
-- Dumping data for table `launcher_certifications`
--

LOCK TABLES `launcher_certifications` WRITE;
/*!40000 ALTER TABLE `launcher_certifications` DISABLE KEYS */;
/*!40000 ALTER TABLE `launcher_certifications` ENABLE KEYS */;
UNLOCK TABLES;

--
-- Table structure for table `launcher_comments`
--

DROP TABLE IF EXISTS `launcher_comments`;
/*!40101 SET @saved_cs_client     = @@character_set_client */;
/*!50503 SET character_set_client = utf8mb4 */;
CREATE TABLE `launcher_comments` (
  `id` int unsigned NOT NULL AUTO_INCREMENT,
  `launcher_id` int unsigned NOT NULL,
  `rate` smallint unsigned NOT NULL,
  `msg` varchar(255) COLLATE utf8mb4_unicode_ci DEFAULT NULL,
  `is_bookmark` tinyint(1) DEFAULT NULL,
  `positive` varchar(255) COLLATE utf8mb4_unicode_ci DEFAULT NULL,
  `negative` varchar(255) COLLATE utf8mb4_unicode_ci DEFAULT NULL,
  `status` tinyint(1) NOT NULL DEFAULT '0',
  `created_at` timestamp NULL DEFAULT NULL,
  `updated_at` timestamp NULL DEFAULT NULL,
  `user_id` int unsigned NOT NULL,
  `confirmed_at` timestamp NULL DEFAULT NULL,
  PRIMARY KEY (`id`),
  KEY `launcher_comments_launcher_id_index` (`launcher_id`),
  KEY `launcher_comments_user_id_index` (`user_id`),
  CONSTRAINT `launcher_comments_launcher_id_foreign` FOREIGN KEY (`launcher_id`) REFERENCES `launchers` (`id`),
  CONSTRAINT `launcher_comments_user_id_foreign` FOREIGN KEY (`user_id`) REFERENCES `miras`.`users` (`id`) ON DELETE CASCADE ON UPDATE CASCADE
) ENGINE=InnoDB AUTO_INCREMENT=2 DEFAULT CHARSET=utf8mb4 COLLATE=utf8mb4_unicode_ci;
/*!40101 SET character_set_client = @saved_cs_client */;

--
-- Dumping data for table `launcher_comments`
--

LOCK TABLES `launcher_comments` WRITE;
/*!40000 ALTER TABLE `launcher_comments` DISABLE KEYS */;
INSERT INTO `launcher_comments` VALUES (1,34,2,'dqwdwqwq',NULL,'weqwq','aaasad',1,'2023-01-18 07:57:56','2023-01-18 07:58:37',118,'2023-01-18 07:58:37');
/*!40000 ALTER TABLE `launcher_comments` ENABLE KEYS */;
UNLOCK TABLES;

--
-- Table structure for table `launchers`
--

DROP TABLE IF EXISTS `launchers`;
/*!40101 SET @saved_cs_client     = @@character_set_client */;
/*!50503 SET character_set_client = utf8mb4 */;
CREATE TABLE `launchers` (
  `id` int unsigned NOT NULL AUTO_INCREMENT,
  `user_id` int unsigned NOT NULL,
  `user_NID` varchar(10) COLLATE utf8mb4_unicode_ci NOT NULL,
  `user_email` varchar(255) COLLATE utf8mb4_unicode_ci NOT NULL,
  `user_birth_day` varchar(255) COLLATE utf8mb4_unicode_ci NOT NULL,
  `rate` double(8,2) unsigned DEFAULT NULL,
  `seen` int unsigned NOT NULL DEFAULT '0',
  `rate_count` mediumint unsigned NOT NULL DEFAULT '0',
  `comment_count` mediumint unsigned NOT NULL DEFAULT '0',
  `new_comment_count` mediumint unsigned NOT NULL DEFAULT '0',
  `about` longtext COLLATE utf8mb4_unicode_ci,
  `launcher_type` enum('haghighi','hoghoghi') COLLATE utf8mb4_unicode_ci NOT NULL DEFAULT 'hoghoghi',
  `company_name` varchar(255) COLLATE utf8mb4_unicode_ci DEFAULT NULL,
  `company_type` varchar(255) COLLATE utf8mb4_unicode_ci DEFAULT NULL,
  `postal_code` varchar(255) COLLATE utf8mb4_unicode_ci DEFAULT NULL,
  `code` varchar(255) COLLATE utf8mb4_unicode_ci DEFAULT NULL,
  `img` varchar(255) COLLATE utf8mb4_unicode_ci DEFAULT NULL,
  `alt` varchar(255) COLLATE utf8mb4_unicode_ci DEFAULT NULL,
  `digest` mediumtext COLLATE utf8mb4_unicode_ci,
  `keywords` mediumtext COLLATE utf8mb4_unicode_ci,
  `seo_tags` mediumtext COLLATE utf8mb4_unicode_ci,
  `launcher_address` varchar(255) COLLATE utf8mb4_unicode_ci DEFAULT NULL,
  `launcher_city_id` int unsigned DEFAULT NULL,
  `launcher_email` varchar(255) COLLATE utf8mb4_unicode_ci DEFAULT NULL,
  `launcher_site` varchar(255) COLLATE utf8mb4_unicode_ci DEFAULT NULL,
  `launcher_phone` varchar(255) COLLATE utf8mb4_unicode_ci DEFAULT NULL,
  `launcher_x` double(8,2) DEFAULT NULL,
  `launcher_y` double(8,2) DEFAULT NULL,
  `company_newspaper` varchar(255) COLLATE utf8mb4_unicode_ci DEFAULT NULL,
  `company_last_changes` varchar(255) COLLATE utf8mb4_unicode_ci DEFAULT NULL,
  `user_NID_card` varchar(255) COLLATE utf8mb4_unicode_ci DEFAULT NULL,
  `created_at` timestamp NULL DEFAULT NULL,
  `updated_at` timestamp NULL DEFAULT NULL,
  `follower_count` mediumint unsigned NOT NULL DEFAULT '0',
  `first_name` varchar(255) COLLATE utf8mb4_unicode_ci NOT NULL,
  `last_name` varchar(255) COLLATE utf8mb4_unicode_ci NOT NULL,
  `phone` varchar(255) COLLATE utf8mb4_unicode_ci NOT NULL,
  `status` enum('pending','confirmed','rejected','init') COLLATE utf8mb4_unicode_ci DEFAULT 'init',
  `back_img` varchar(100) COLLATE utf8mb4_unicode_ci DEFAULT NULL,
  PRIMARY KEY (`id`),
  UNIQUE KEY `launchers_user_id_unique` (`user_id`),
  UNIQUE KEY `launchers_phone_unique` (`phone`),
  KEY `launchers_launcher_city_id_index` (`launcher_city_id`),
  KEY `launchers_user_id_index` (`user_id`),
  CONSTRAINT `launchers_launcher_city_id_foreign` FOREIGN KEY (`launcher_city_id`) REFERENCES `cities` (`id`),
  CONSTRAINT `launchers_user_id_foreign` FOREIGN KEY (`user_id`) REFERENCES `miras`.`users` (`id`)
) ENGINE=InnoDB AUTO_INCREMENT=38 DEFAULT CHARSET=utf8mb4 COLLATE=utf8mb4_unicode_ci;
/*!40101 SET character_set_client = @saved_cs_client */;

--
-- Dumping data for table `launchers`
--

LOCK TABLES `launchers` WRITE;
/*!40000 ALTER TABLE `launchers` DISABLE KEYS */;
INSERT INTO `launchers` VALUES (29,138,'0019191919','doyle.wava@macejkovic.org','1368/02/04',NULL,2,0,0,0,'Cum necessitatibus et sunt aut. Et et nam quo. Non sit et unde itaque possimus et. Cum molestiae impedit voluptatem.','hoghoghi','Janessa Swift','khososi','11521-5563','28985',NULL,NULL,NULL,NULL,NULL,'2006 Streich Shore Suite 680\nSchowaltertown, HI 95803-7754',1,'hilda.feest@lind.net','http://www.pollich.info/dolor-est-impedit-aspernatur-est-cumque-in-voluptatum-quia','1-386-217-4339',82.69,10.87,'Y4AvZbS7lusIxr2upGKqArunrLnjh6fHTTDZGp7U.jpg','8cwEXWtBYPd7NxhbtAqixp1sOELBEStsIHsvu953.jpg','DbPtz9XU7YFviYWewE02sHOyN86SvgOzZqwxZTTK.jpg','2022-12-25 04:49:49','2023-01-18 04:42:00',0,'Dr. Chance Torp III','Mr. Immanuel Treutel DVM','+1 (760) 665-7584','confirmed',NULL),(30,139,'0019191920','lernser@gmail.com','1368/02/04',NULL,10,0,0,0,'Reprehenderit aut reiciendis vero. Ut quis aut et consequatur et. Magnam facere deleniti ea deleniti animi alias.','hoghoghi','Prof. Erich Eichmann II','khososi','26118','14473-9745',NULL,NULL,NULL,NULL,NULL,'797 Grant Forks Apt. 152\nPort Estelltown, HI 36132',1,'msmith@hotmail.com','http://ward.com/nulla-at-quo-perspiciatis-quos.html','260-994-3004',-7.33,31.29,NULL,NULL,NULL,'2022-12-25 04:49:49','2023-01-16 07:53:29',1,'Dr. Baylee Lueilwitz','Emanuel McClure','(571) 730-6127','confirmed',NULL),(31,140,'0019191921','davon43@roob.com','1368/02/04',NULL,0,0,0,0,'Quasi perferendis non quia eveniet aut. Voluptatem rem ut consequatur quos. In illum ut consequuntur soluta inventore.','hoghoghi','Vella Jerde','khososi','81487-1245','80486',NULL,NULL,NULL,NULL,NULL,'5154 Hope Brooks Suite 501\nHaroldland, RI 92448-8171',1,'eliane.waelchi@yahoo.com','http://bailey.com/labore-cupiditate-voluptates-corporis-consequatur-exercitationem-qui-voluptas-molestias','+1-323-364-0332',-59.35,-156.41,NULL,NULL,NULL,'2022-12-25 04:49:49','2022-12-25 04:49:49',0,'Angelita Waters II','Junior Pagac IV','470.949.2064','confirmed',NULL),(32,141,'0019191922','towne.geraldine@wolf.com','1368/02/04',NULL,0,0,0,0,'Et culpa quaerat temporibus rerum aut occaecati. Voluptatem nobis incidunt qui mollitia. Sed ex beatae excepturi sunt omnis officia. Rerum et consequatur facere dolorem aliquam aliquam enim ut.','hoghoghi','Kirsten Heaney DVM','khososi','99123','68251',NULL,NULL,NULL,NULL,NULL,'96191 Domenick Mission Apt. 064\nNorth Mohamedburgh, MO 95404',1,'larissa.satterfield@terry.com','http://www.douglas.com/tempore-et-quidem-est-nihil','762-683-7707',54.62,-32.01,NULL,NULL,NULL,'2022-12-25 04:49:50','2023-01-16 10:01:36',0,'Jeffry Anderson','Dr. Molly Bartell','+1.336.401.5189','confirmed',NULL),(33,3,'0020045098','bbb@yahoo.com','1376/1/23',NULL,2,0,0,0,NULL,'haghighi',NULL,NULL,NULL,NULL,'7mGOy7nHIqUCgQJi3sMNmnsLaGEPWRfAShGDqM3x.jpg',NULL,NULL,NULL,NULL,'dwqdwq',3,'dd@yahoo.com','https://ccc.com','332123123__2321321',35.70,51.38,'wQfAO5B1Bj1qk83vekHUbv2YOyqQGo3rOzmkrwRP.jpg','fWuU9AvvkRGDOwafeF86XGLFeMgUBLYJVqkKVwfB.jpg','jhHDEHFXhBcdUimoQ89GJL4AFXjYN7b0xVImPlz5.jpg','2022-12-25 09:34:58','2023-01-17 10:43:04',0,'تست جدید','تست جدید','09214519087','confirmed',NULL),(34,118,'0250040859','sss@yahoo.com','1374/2/14',2.00,100,1,1,0,'dwqdwqdwq\r\newqewqewqsa\r\ndwq','haghighi','sdwqwq',NULL,'1972321213',NULL,'kNz73NUNIdRYcAhXfSvnUiJkz3OgzBlbgpd2Nirg.jpg',NULL,NULL,NULL,NULL,'dwqdqwsad\r\ndwq',1,'mmmmm@yahoo.com','https://google.com','22758921__33982312',35.70,51.43,NULL,NULL,'DE7v0A6uehjUnlpw3ygqWM7VboYZ6Rqdge4O7bo7.jpg','2023-01-08 10:09:28','2023-01-24 06:40:59',2,'dwq','wq','09391328463','confirmed',NULL),(37,109,'0018914373','wqw@yahoo.com','1387/1/23',NULL,0,0,0,0,'dsadqqeqweqw\r\nwqewqeqwewqe\r\nwqeweq','hoghoghi','eqwewq','art','1971933113','212132321321','K3fsZc26H9absBMEgwO96Wm5cMUVVp6uoqYcWCgn.jpg',NULL,NULL,NULL,NULL,'weqewqweqqwe\r\nwqe\r\newqweqwqe',1,'aeqqwe@yahoo.com','https://google.com','2222222__222112321__3333333',35.70,51.39,'RuVtpvyVvEIFOBLPMsOqrx3LJ0sDT4Bpbn9n2LyD.jpg','s4vkDfOjnMxGNLQDadgmqU3llwIR2xX1mMGI0FRP.jpg','zGe4hU6bqyYvi35yJNbLXbXmU3gGh7CUCnDxJhJl.jpg','2023-01-16 05:32:37','2023-01-16 05:36:52',0,'undefined','undefined','09123333394','confirmed',NULL);
/*!40000 ALTER TABLE `launchers` ENABLE KEYS */;
UNLOCK TABLES;

--
-- Table structure for table `money_requests`
--

DROP TABLE IF EXISTS `money_requests`;
/*!40101 SET @saved_cs_client     = @@character_set_client */;
/*!50503 SET character_set_client = utf8mb4 */;
CREATE TABLE `money_requests` (
  `id` int unsigned NOT NULL AUTO_INCREMENT,
  `user_id` int unsigned NOT NULL,
  `launcher_bank_account_id` int unsigned NOT NULL,
  `amount` int unsigned NOT NULL,
  `additional` varchar(255) COLLATE utf8mb4_unicode_ci DEFAULT NULL,
  `seen` tinyint(1) NOT NULL DEFAULT '0',
  `status` enum('pending','rejected','paid','confirmed') COLLATE utf8mb4_unicode_ci NOT NULL,
  `created_at` timestamp NULL DEFAULT NULL,
  `updated_at` timestamp NULL DEFAULT NULL,
  PRIMARY KEY (`id`),
  KEY `money_requests_user_id_index` (`user_id`),
  KEY `money_requests_launcher_bank_account_id_index` (`launcher_bank_account_id`),
  CONSTRAINT `money_requests_launcher_bank_account_id_foreign` FOREIGN KEY (`launcher_bank_account_id`) REFERENCES `launcher_bank_accounts` (`id`),
  CONSTRAINT `money_requests_user_id_foreign` FOREIGN KEY (`user_id`) REFERENCES `miras`.`users` (`id`)
) ENGINE=InnoDB DEFAULT CHARSET=utf8mb4 COLLATE=utf8mb4_unicode_ci;
/*!40101 SET character_set_client = @saved_cs_client */;

--
-- Dumping data for table `money_requests`
--

LOCK TABLES `money_requests` WRITE;
/*!40000 ALTER TABLE `money_requests` DISABLE KEYS */;
/*!40000 ALTER TABLE `money_requests` ENABLE KEYS */;
UNLOCK TABLES;

--
-- Table structure for table `states`
--

DROP TABLE IF EXISTS `states`;
/*!40101 SET @saved_cs_client     = @@character_set_client */;
/*!50503 SET character_set_client = utf8mb4 */;
CREATE TABLE `states` (
  `id` int unsigned NOT NULL AUTO_INCREMENT,
  `name` varchar(255) COLLATE utf8mb4_unicode_ci NOT NULL,
  PRIMARY KEY (`id`)
) ENGINE=InnoDB AUTO_INCREMENT=4 DEFAULT CHARSET=utf8mb4 COLLATE=utf8mb4_unicode_ci;
/*!40101 SET character_set_client = @saved_cs_client */;

--
-- Dumping data for table `states`
--

LOCK TABLES `states` WRITE;
/*!40000 ALTER TABLE `states` DISABLE KEYS */;
INSERT INTO `states` VALUES (1,'تهران'),(2,'یزد'),(3,'خراسان رضوی');
/*!40000 ALTER TABLE `states` ENABLE KEYS */;
UNLOCK TABLES;
/*!40103 SET TIME_ZONE=@OLD_TIME_ZONE */;

/*!40101 SET SQL_MODE=@OLD_SQL_MODE */;
/*!40014 SET FOREIGN_KEY_CHECKS=@OLD_FOREIGN_KEY_CHECKS */;
/*!40014 SET UNIQUE_CHECKS=@OLD_UNIQUE_CHECKS */;
/*!40101 SET CHARACTER_SET_CLIENT=@OLD_CHARACTER_SET_CLIENT */;
/*!40101 SET CHARACTER_SET_RESULTS=@OLD_CHARACTER_SET_RESULTS */;
/*!40101 SET COLLATION_CONNECTION=@OLD_COLLATION_CONNECTION */;
/*!40111 SET SQL_NOTES=@OLD_SQL_NOTES */;

-- Dump completed on 2023-01-28 12:38:44
